Unnamed: 0,Symbol,Name,Sector,2019-10-04,2019-10-11,2019-10-18,2019-10-25,2019-11-01,2019-11-08,2019-11-15,2019-11-22,2019-11-29,2019-12-06,2019-12-13,2019-12-20,2019-12-27,2020-01-03,2020-01-10,2020-01-17,2020-01-24,2020-01-31,2020-02-07,2020-02-14,2020-02-21,2020-02-28,2020-03-06,2020-03-13
0,MMM,3M Company,Industrials,155.82,158.1,163.1,166.09,170.09,173.15,171.88,167.6,169.77,171.47,168.79,175.37,177.26,178.45,180.47,181.35,178.15,158.66,160.08,161.01,156.93,149.24,153.65,141.68
1,AOS,A.O. Smith Corp,Industrials,45.51,47.99,51.01,51.07,50.28,52.08,50.78,48.2,48.4,46.79,46.52,47.42,47.81,47.35,47.62,46.93,45.43,42.69,41.99,43.93,44.09,39.55,42.69,41.49
2,ABT,Abbott Laboratories,Health Care,81.99,79.63,82.79,81.65,82.66,83.74,85.71,83.74,85.45,85.48,86.35,86.66,87.4,85.89,85.36,89.0,90.4,87.14,87.87,89.66,87.45,77.03,81.74,81.65
3,ABBV,AbbVie Inc.,Health Care,74.66,73.63,76.46,76.53,81.75,85.21,88.63,86.05,87.73,86.98,87.84,89.29,89.2,88.7,89.06,88.0,83.54,81.02,92.29,94.05,94.96,85.71,88.82,85.37
4,ACN,Accenture plc,Information Technology,189.64,184.97,187.08,183.07,188.22,189.7,196.81,196.66,201.16,202.55,206.66,211.1,212.22,209.8,207.66,209.2,208.57,205.21,211.58,212.37,211.89,180.59,178.75,166.51
5,ATVI,Activision Blizzard,Information Technology,55.44,54.82,54.54,55.26,55.82,54.3,53.44,53.04,54.83,55.21,58.65,59.22,59.185,58.67,58.95,61.24,59.4,58.48,61.53,63.52,63.375,58.13,59.97,59.04
6,AYI,Acuity Brands Inc,Industrials,121.15,122.02,122.93,124.9,125.99,128.08,128.38,127.31,130.78,133.8,130.8,136.48,137.72,139.63,121.24,123.28,121.49,117.87,117.7,116.9,115.7,102.86,103.05,95.68
7,ADBE,Adobe Systems Inc,Information Technology,276.96,278.29,265.52,270.98,277.82,292.46,297.5,299.3,309.53,306.23,317.94,327.61,330.79,331.81,339.81,349.74,351.37,351.14,366.09,379.67,372.95,345.12,336.77,335.5
8,AAP,Advance Auto Parts,Consumer Discretionary,159.94,158.56,163.5,165.56,164.82,167.4,162.66,157.87,157.08,154.62,155.21,158.12,158.35,159.42,149.01,151.05,141.68,131.75,132.93,133.59,140.61,132.98,127.91,113.69
9,AMD,Advanced Micro Devices Inc,Information Technology,29.01,29.75,30.97,32.71,34.89,36.29,38.56,39.15,39.15,39.63,41.15,44.15,46.18,48.6,48.165,50.93,50.35,47.0,49.73,55.31,53.28,45.48,48.59,43.9
10,AES,AES Corp,Utilities,16.03,16.01,16.38,16.8,17.51,17.64,18.45,18.83,18.91,18.72,18.92,19.81,19.98,19.8,20.18,20.5,20.38,19.86,20.5,20.93,20.75,16.73,16.82,13.0
12,AMG,Affiliated Managers Group Inc,Financials,76.47,75.97,74.58,77.34,82.15,86.86,85.0,84.41,85.37,85.43,85.11,84.5,84.95,82.95,82.93,85.64,82.91,79.85,81.52,82.9,88.78,75.22,70.49,57.17
13,AFL,AFLAC Inc,Financials,52.1,52.44,52.71,53.26,53.61,54.14,54.4,53.99,54.84,52.99,53.17,53.14,52.62,52.98,52.07,53.42,52.39,51.57,52.93,52.81,51.53,42.85,40.78,34.69
14,A,Agilent Technologies Inc,Health Care,75.88,75.3,74.57,75.39,76.97,76.64,78.26,79.12,80.77,82.21,83.71,85.19,85.42,84.57,87.59,90.12,88.26,82.56,83.17,85.82,85.07,77.07,78.56,69.2
15,APD,Air Products & Chemicals Inc,Materials,213.88,217.29,214.88,213.26,213.56,233.87,240.92,237.6,236.33,232.03,230.74,235.0,235.49,226.0,232.0,237.0,243.95,238.71,249.92,256.01,254.97,219.61,229.71,206.36
16,AKAM,Akamai Technologies Inc,Information Technology,90.91,89.55,91.51,89.15,87.5,84.53,87.71,87.97,87.12,85.25,84.69,86.86,86.5,87.24,93.53,95.31,95.52,93.35,96.12,99.67,100.52,86.51,90.62,85.73
17,ALK,Alaska Air Group Inc,Industrials,63.51,66.08,66.84,71.57,70.15,71.17,70.38,68.76,69.01,68.32,67.41,69.34,68.29,66.92,65.89,66.62,66.72,64.59,63.96,66.11,65.43,50.46,45.21,37.95
18,ALB,Albemarle Corp,Materials,66.32,68.91,67.13,63.59,64.49,67.98,66.14,64.9,65.38,64.3,66.63,70.36,72.01,71.57,72.1,80.9,81.18,80.28,82.54,89.64,92.43,81.85,82.6,68.01
19,ARE,Alexandria Real Estate Equities Inc,Real Estate,154.8,153.97,156.01,158.25,158.42,153.91,158.76,159.67,162.52,161.94,156.47,159.24,160.4,160.64,158.57,162.9,164.66,163.2,167.55,174.93,167.98,151.88,159.06,147.74
20,ALXN,Alexion Pharmaceuticals,Health Care,98.03,99.25,98.41,105.18,109.38,110.79,108.37,111.03,113.94,113.89,110.42,109.75,108.55,106.41,109.48,113.27,105.27,99.39,100.56,102.56,103.14,94.03,91.98,80.44
21,ALGN,Align Technology,Health Care,181.59,200.16,213.88,243.38,257.04,259.92,263.92,274.4,277.34,275.72,266.06,272.89,277.64,280.44,293.33,280.7,269.98,257.1,258.67,274.95,260.26,218.35,225.17,195.88
22,ALLE,Allegion,Industrials,103.32,101.46,103.95,113.33,118.19,115.65,119.12,119.05,120.03,122.99,123.01,124.2,124.59,123.84,123.43,128.05,128.0,129.32,134.04,138.9,128.58,114.99,119.8,111.81
23,AGN,"Allergan, Plc",Health Care,168.44,169.09,173.6,173.84,178.29,181.28,183.61,183.79,184.94,186.37,188.34,190.3,191.4,191.08,191.83,192.68,188.19,186.64,197.05,198.32,200.15,190.67,191.95,183.85
24,ADS,Alliance Data Systems,Information Technology,123.88,122.55,123.54,104.8,101.06,107.9,103.45,104.41,106.91,105.26,110.05,111.29,110.91,110.38,112.07,112.91,107.4,102.79,105.92,102.83,102.16,85.88,72.61,49.51
25,LNT,Alliant Energy Corp,Utilities,54.35,53.025,52.98,53.18,53.03,51.68,52.88,53.39,53.0,53.11,52.925,54.95,54.34,53.8,55.07,57.16,58.93,59.36,58.33,59.74,59.14,52.12,57.49,50.9
26,ALL,Allstate Corp,Financials,108.46,107.93,108.41,107.24,105.9,108.19,111.1,110.04,111.35,111.1,109.7,111.58,111.87,112.83,113.45,117.55,118.28,118.54,124.43,125.57,123.62,105.25,107.14,92.77
27,GOOGL,Alphabet Inc Class A,Information Technology,1210.96,1215.71,1244.41,1264.3,1272.25,1309.0,1333.54,1293.67,1304.09,1339.39,1346.87,1351.22,1354.64,1361.52,1428.96,1479.52,1466.17,1432.78,1479.11,1518.73,1483.46,1339.25,1295.74,1214.27
28,GOOG,Alphabet Inc Class C,Information Technology,1209.0,1215.45,1245.49,1265.13,1273.74,1311.37,1334.87,1295.34,1304.96,1340.62,1347.83,1349.59,1351.89,1360.66,1429.73,1480.39,1466.71,1434.23,1479.23,1520.74,1485.11,1339.33,1298.41,1219.73
29,MO,Altria Group Inc,Consumer Staples,41.65,42.57,44.33,46.8,45.06,46.41,47.97,49.0,49.7,50.41,50.16,51.13,50.4,49.63,50.22,51.02,50.25,47.53,46.22,45.17,45.89,40.37,42.15,40.07
30,AMZN,Amazon.com Inc.,Consumer Discretionary,1739.65,1731.92,1757.51,1761.33,1791.44,1785.88,1739.49,1745.72,1800.8,1751.6,1760.94,1786.5,1869.8,1874.97,1883.16,1864.72,1861.64,2008.72,2079.28,2134.87,2095.97,1883.75,1901.09,1785.0
31,AEE,Ameren Corp,Utilities,79.53,77.05,76.62,76.59,77.36,73.81,76.62,74.95,74.33,75.19,75.02,76.57,76.3,76.08,77.01,79.75,80.39,82.05,83.6,86.79,85.34,79.0,85.35,76.15
32,AAL,American Airlines Group,Industrials,25.83,27.355,28.22,30.86,30.56,30.76,28.86,28.68,28.74,27.725,27.48,29.04,28.44,27.65,27.32,28.4,27.64,26.84,28.38,29.2,27.82,19.05,15.97,14.31
33,AEP,American Electric Power,Utilities,93.61,92.34,94.14,94.35,93.56,89.07,89.56,91.54,91.35,92.39,92.05,94.9,94.19,93.36,94.34,98.56,102.16,104.22,101.34,103.76,101.71,89.26,97.7,86.47
34,AXP,American Express Co,Financials,114.41,116.4,116.76,118.26,119.14,121.47,120.76,119.06,120.12,120.61,124.72,125.77,125.19,124.6,127.28,131.52,135.11,129.87,131.82,135.87,134.9,109.93,108.24,99.6
35,AIG,"American International Group, Inc.",Financials,54.43,54.42,53.97,52.8,53.76,55.91,53.93,53.3,52.66,51.86,51.6,51.54,51.07,51.36,52.03,52.9,51.06,50.26,53.46,48.48,48.6,42.16,37.84,28.5
36,AMT,American Tower Corp A,Real Estate,225.93,224.45,229.09,216.67,215.52,205.87,213.37,210.11,214.03,212.2,212.52,227.74,229.08,228.61,230.8,233.42,237.52,231.74,238.75,256.25,247.01,226.8,246.32,238.99
37,AWK,American Water Works Company Inc,Utilities,125.78,123.69,122.41,121.11,122.78,116.3,118.24,119.04,121.03,122.67,119.2,122.72,122.96,120.98,122.56,130.44,135.78,136.2,134.45,139.32,137.77,123.66,141.0,128.29
38,AMP,Ameriprise Financial,Financials,136.19,138.27,142.0,149.45,152.89,158.54,160.17,159.77,163.87,164.9,167.44,168.09,166.71,167.12,169.16,172.43,167.57,165.41,175.32,178.82,175.43,141.3,126.6,113.34
39,ABC,AmerisourceBergen Corp,Health Care,81.85,81.96,89.64,86.8,86.87,86.07,87.3,90.26,87.91,88.24,84.85,85.67,84.91,84.01,87.04,91.06,88.92,85.56,91.94,94.36,97.0,84.32,85.81,90.0
40,AME,AMETEK Inc.,Industrials,88.83,88.51,88.35,89.96,94.2,96.54,98.17,97.9,99.01,98.55,98.56,99.78,99.95,100.94,100.76,101.78,99.57,97.15,98.3,101.34,99.34,86.0,88.52,74.6
41,AMGN,Amgen Inc.,Health Care,195.59,200.8,202.72,203.05,217.95,221.11,220.86,230.74,234.72,233.77,236.74,243.06,241.53,238.47,238.26,241.49,225.59,216.05,229.33,223.48,222.79,199.73,210.65,202.1
42,APH,Amphenol Corp,Information Technology,96.14,96.98,99.0,100.23,102.78,102.7,102.25,101.74,104.0,104.03,107.14,107.15,108.06,108.09,108.32,109.45,105.36,99.47,103.36,104.07,101.75,91.68,92.56,79.6
44,ADI,"Analog Devices, Inc.",Information Technology,113.03,111.22,109.48,106.83,109.37,113.02,113.4,110.65,112.95,115.89,118.77,119.82,119.45,118.31,118.57,119.47,117.57,109.75,112.27,117.65,122.76,109.05,107.0,99.79
46,ANSS,ANSYS,Information Technology,224.63,224.16,218.43,220.25,220.0,224.31,235.15,246.38,254.69,256.63,253.93,258.89,258.68,256.97,260.8,270.28,277.34,274.33,284.83,291.98,287.11,242.19,237.78,235.42
47,ANTM,Anthem Inc.,Health Care,241.79,237.55,249.4,263.07,270.75,282.09,297.82,291.83,288.66,285.27,284.12,303.0,306.42,296.88,307.74,305.39,297.28,265.28,276.48,297.82,294.71,257.09,282.19,270.34
48,AON,Aon plc,Financials,192.0,191.1,192.91,188.65,195.85,194.57,198.71,199.58,203.61,205.99,206.15,209.93,207.51,207.97,208.06,211.85,213.42,220.25,230.13,235.73,231.51,208.0,214.81,177.45
49,APA,Apache Corporation,Energy,22.16,21.42,22.44,22.07,23.81,24.43,23.91,23.41,22.28,19.99,21.35,22.62,26.12,25.69,32.38,32.67,29.98,27.44,28.11,27.36,28.4,24.92,20.7,8.07
50,AIV,Apartment Investment & Management,Real Estate,53.32,53.55,54.48,54.29,55.23,53.17,54.22,53.23,53.77,52.61,51.15,50.71,51.25,51.38,51.52,52.75,54.02,52.71,53.37,54.8,55.49,47.84,49.81,46.05
51,AAPL,Apple Inc.,Information Technology,227.01,236.21,236.41,246.58,255.82,260.14,265.76,261.78,267.25,270.71,275.15,279.44,289.8,297.43,310.33,318.73,318.31,309.51,320.03,324.95,313.05,273.36,289.03,277.97
52,AMAT,Applied Materials Inc.,Information Technology,50.88,51.75,51.68,55.72,55.46,56.03,62.06,55.94,57.9,56.6,59.87,61.81,61.17,61.21,61.47,62.85,62.0,57.99,61.71,66.85,64.27,58.12,57.79,50.89
53,APTV,Aptiv Plc,Consumer Discretionary,83.43,86.26,88.96,89.58,92.35,96.88,92.31,91.47,93.88,93.77,93.55,96.35,96.31,94.1,89.51,91.53,91.54,84.79,87.13,88.32,90.07,78.11,76.29,66.47
54,ADM,Archer-Daniels-Midland Co,Consumer Staples,40.35,40.46,39.64,41.01,42.43,43.31,42.87,42.72,42.93,43.91,45.2,45.79,46.3,46.02,43.95,45.25,44.3,44.76,45.71,44.77,43.9,37.65,37.64,34.64
55,ARNC,Arconic Inc.,Industrials,24.49,26.45,27.01,27.64,28.54,28.97,30.86,30.55,30.96,31.02,31.65,31.39,31.14,31.49,28.85,29.32,29.11,29.95,31.3,33.36,33.47,29.35,25.95,20.52
56,AJG,Arthur J. Gallagher & Co.,Financials,89.02,87.98,89.55,89.45,91.52,91.15,91.94,91.74,93.27,93.75,94.45,95.42,94.75,95.31,95.44,96.45,96.86,102.57,104.93,109.16,107.83,97.49,100.84,90.06
57,AIZ,Assurant Inc.,Financials,126.79,125.78,125.67,125.57,127.7,130.07,132.09,131.82,132.87,131.58,130.15,131.26,129.66,132.99,132.44,133.77,129.18,130.56,136.36,142.52,140.1,120.59,119.69,104.53
58,T,AT&T Inc.,Telecommunication Services,37.51,37.58,38.47,36.91,38.95,39.38,39.5,37.75,37.38,38.2,38.26,39.15,39.24,39.06,38.57,38.38,38.5,37.62,38.45,38.25,38.55,35.22,37.03,34.47
59,ADSK,Autodesk Inc.,Information Technology,146.89,150.32,139.67,145.54,150.25,152.96,161.75,167.01,180.9,179.32,179.41,182.84,185.38,184.95,192.36,193.35,199.19,196.85,207.01,208.95,201.91,190.88,173.42,158.03
60,ADP,Automatic Data Processing,Information Technology,159.17,162.52,163.54,161.96,162.98,162.73,171.17,169.65,170.78,169.98,168.26,171.09,170.77,169.96,171.09,176.87,177.21,171.39,179.1,181.25,178.58,154.74,159.15,144.5
61,AZO,AutoZone Inc,Consumer Discretionary,1060.33,1085.97,1110.0,1129.47,1156.28,1165.86,1171.88,1163.87,1177.92,1172.66,1235.32,1226.74,1202.59,1187.98,1132.22,1154.58,1140.23,1057.96,1058.91,1053.21,1068.03,1032.51,1060.31,1012.73
62,AVB,"AvalonBay Communities, Inc.",Real Estate,219.0,218.08,220.17,219.41,217.24,209.85,214.53,211.28,214.41,215.94,208.64,208.01,208.84,209.23,208.45,216.07,219.33,216.69,219.17,227.53,228.02,200.59,209.06,193.16
63,AVY,Avery Dennison Corp,Materials,111.36,113.37,116.89,126.8,129.4,133.83,132.08,129.26,130.37,130.14,129.99,131.92,131.61,128.51,128.51,134.72,129.68,131.24,136.24,138.13,133.95,114.49,120.82,106.08
64,BHGE,"Baker Hughes, a GE Company",Energy,22.47,22.23,21.77,22.38,21.9,22.25,22.69,22.42,22.42,22.21,23.64,25.09,25.49,25.64,24.86,23.61,22.86,21.66,22.45,21.98,20.53,16.09,16.08,12.73
65,BLL,Ball Corp,Materials,72.73,72.61,74.11,71.91,68.36,64.65,65.6,65.73,66.06,63.55,63.34,65.18,64.69,64.77,66.27,69.24,71.93,72.18,76.92,77.22,76.86,70.46,76.05,63.84
66,BAC,Bank of America Corp,Financials,28.37,28.91,30.35,31.72,31.8,33.26,32.93,33.18,33.32,33.67,34.44,34.96,35.35,34.9,34.74,34.71,33.54,32.83,34.61,34.85,34.36,28.5,25.71,24.16
67,BAX,Baxter International Inc.,Health Care,86.64,88.03,87.99,77.28,77.91,78.51,81.44,82.02,81.97,83.17,83.96,82.49,84.05,85.5,85.9,89.73,90.78,89.22,91.25,93.14,92.67,83.47,85.38,80.99
69,BDX,Becton Dickinson,Health Care,253.11,252.86,258.59,244.3,258.15,244.79,248.3,249.89,258.5,260.69,268.72,271.66,272.85,269.59,274.46,277.08,278.25,275.18,246.91,260.22,257.35,237.82,239.12,236.5
70,BRK.B,Berkshire Hathaway,Financials,208.08,208.08,208.76,211.8,215.83,221.31,219.74,217.96,220.3,222.61,225.37,226.31,226.14,226.18,226.62,230.2,226.86,224.43,227.38,226.8,229.33,206.34,205.98,196.4
71,BBY,Best Buy Co. Inc.,Consumer Discretionary,66.89,69.53,70.52,73.15,72.92,76.85,77.09,72.64,80.64,82.05,84.79,87.73,87.01,87.18,90.65,89.94,89.44,84.69,87.02,90.21,90.26,75.65,73.82,61.06
72,BIIB,Biogen Inc.,Health Care,224.0,223.21,220.06,288.04,299.2,293.25,282.27,299.08,299.81,300.26,296.83,301.05,300.09,290.85,296.51,285.5,278.14,268.85,338.7,333.0,336.71,308.39,317.95,305.21
73,BLK,BlackRock,Financials,427.44,434.0,445.04,459.8,469.17,490.21,490.96,485.0,494.91,495.76,498.61,499.59,503.01,503.57,512.18,535.24,536.84,527.35,555.74,565.94,557.0,463.01,450.41,413.78
74,HRB,Block H&R,Financials,23.4,23.63,23.28,25.18,24.95,24.42,24.92,24.51,24.38,23.5,23.49,23.63,23.39,23.46,23.65,24.47,23.94,23.2,22.31,22.38,23.47,20.67,19.79,17.46
75,BA,Boeing Company,Industrials,375.7,374.92,344.0,339.83,345.19,351.0,371.68,371.34,366.18,354.09,341.67,328.0,330.14,332.76,329.92,324.15,323.05,318.27,336.75,340.49,330.38,275.11,262.33,170.2
76,BKNG,Booking Holdings Inc,Consumer Discretionary,1983.2,1977.18,2013.53,2055.93,2032.02,1879.19,1848.82,1877.53,1904.03,1930.27,1973.6,2023.26,2072.54,2065.48,2086.9,2054.69,1962.96,1830.55,1909.59,1990.96,1928.72,1695.66,1612.09,1421.33
77,BWA,BorgWarner,Consumer Discretionary,35.15,37.2,38.74,39.72,43.65,46.31,44.59,42.79,42.05,43.35,43.8,44.22,43.76,42.36,41.42,41.53,39.24,34.29,33.57,34.15,33.98,31.6,28.87,25.66
78,BXP,Boston Properties,Real Estate,128.71,128.2,128.36,132.18,137.44,138.34,137.56,137.59,138.54,139.28,135.11,135.78,137.68,136.64,135.08,139.56,142.01,143.35,142.71,147.23,145.78,128.94,132.58,117.06
79,BSX,Boston Scientific,Health Care,40.53,38.23,38.47,40.85,41.51,40.51,42.31,41.85,43.25,44.08,45.09,45.37,45.22,44.98,45.67,44.28,43.21,41.87,42.19,42.31,42.62,37.39,37.6,32.33
80,BHF,Brighthouse Financial Inc,Financials,37.175,36.66,36.955,38.21,39.05,41.02,40.43,40.12,41.16,39.91,42.19,41.3,39.49,38.99,39.11,40.99,40.75,38.9,42.21,46.65,46.1,35.84,29.77,23.26
81,BMY,Bristol-Myers Squibb,Health Care,50.75,51.61,53.03,54.98,57.16,58.02,58.59,56.45,56.94,59.95,63.82,63.51,64.14,62.78,65.23,66.72,64.16,62.95,66.25,66.38,65.63,59.06,60.31,54.99
82,AVGO,Broadcom,Information Technology,281.43,280.91,286.73,289.82,296.59,313.41,312.91,314.92,316.21,316.05,315.42,319.0,316.53,314.19,299.22,308.79,324.0,305.16,315.23,317.77,304.5,272.62,269.45,234.22
84,CHRW,C. H. Robinson Worldwide,Industrials,83.29,85.25,86.555,90.11,74.7,78.06,74.72,75.59,76.85,76.02,76.55,76.8,77.93,77.74,80.12,80.74,79.62,72.22,74.38,72.01,74.55,68.9,66.08,62.37
86,COG,Cabot Oil & Gas,Energy,17.98,17.56,17.95,18.81,18.43,18.37,18.17,16.39,15.94,16.08,16.1,17.41,17.22,17.28,17.49,16.81,14.64,14.09,14.64,14.8,14.89,13.93,16.37,18.37
87,CDNS,Cadence Design Systems,Information Technology,65.91,65.9,65.6,65.1,65.48,67.1,67.48,67.195,70.25,67.18,67.92,70.09,70.29,70.42,73.03,73.73,74.58,72.11,73.55,78.76,74.73,66.14,64.73,62.47
88,CPB,Campbell Soup,Consumer Staples,47.34,46.87,47.56,46.46,46.54,46.25,47.28,46.83,46.57,47.75,47.86,49.17,49.46,48.43,47.73,48.02,48.79,48.39,48.88,48.64,47.96,45.12,51.76,49.28
89,COF,Capital One Financial,Financials,87.32,88.82,89.8,93.25,95.25,97.26,97.38,98.1,100.01,101.38,104.37,103.37,103.0,102.0,101.55,104.13,104.3,99.8,101.8,102.64,101.15,88.26,82.29,72.84
90,CAH,Cardinal Health Inc.,Health Care,46.07,46.92,51.54,50.05,50.44,53.75,56.24,55.69,55.03,54.87,53.66,51.8,51.5,49.36,50.63,53.93,53.82,51.21,58.24,59.62,59.72,52.12,51.27,47.62
91,KMX,Carmax Inc,Consumer Discretionary,85.6,90.53,94.28,94.77,94.86,93.88,98.0,97.58,97.26,97.37,97.88,92.71,88.4,87.26,89.09,95.68,96.73,97.04,96.3,98.81,101.21,87.31,85.0,69.19
92,CCL,Carnival Corp.,Consumer Discretionary,41.14,41.55,42.79,44.57,42.95,45.05,44.85,43.68,45.08,44.77,47.45,50.21,51.33,49.89,48.85,51.9,47.52,43.53,42.2,42.6,41.69,33.46,27.15,17.58
93,CAT,Caterpillar Inc.,Industrials,121.04,128.4,130.71,139.73,144.49,148.16,145.31,143.88,144.73,142.72,145.53,147.57,148.28,148.44,146.13,147.78,140.38,131.35,133.37,137.99,137.21,124.24,121.41,99.64
94,CBOE,Cboe Global Markets,Financials,116.28,115.6,116.77,114.1,114.85,114.88,119.49,123.77,118.9,120.59,115.5,119.02,118.84,121.33,115.85,116.53,119.81,123.22,122.54,125.63,122.61,114.0,116.77,94.8
95,CBRE,CBRE Group,Real Estate,50.67,51.82,52.21,52.61,54.79,54.89,56.44,54.91,57.02,58.5,58.26,60.64,60.95,60.97,60.24,61.03,60.77,61.05,64.03,63.96,62.73,56.14,54.58,46.38
98,CNC,Centene Corporation,Health Care,43.57,44.27,46.88,48.23,52.13,55.06,57.56,59.45,60.47,60.98,57.71,61.93,63.65,61.16,64.48,64.54,66.61,62.81,63.16,64.94,65.49,53.02,58.56,63.57
99,CNP,CenterPoint Energy,Utilities,29.25,28.27,28.64,29.54,29.02,28.78,25.48,24.75,24.56,25.02,25.94,26.73,26.91,26.79,26.3,27.05,26.46,26.48,26.72,27.18,25.27,23.02,21.55,15.55
100,CTL,CenturyLink Inc,Telecommunication Services,11.5400,11.7300,12.4400,12.8900,13.3200,14.7900,14.9700,14.9700,14.4900,14.1600,13.6000,13.2200,13.4200,12.5900,12.9900,14.0600,14.7100,13.6600,14.5300,13.9000,13.2200,12.0700,11.9700,10.1200
101,CERN,Cerner,Health Care,66.8200,67.5800,67.7600,66.4300,67.5300,67.3100,68.4000,69.4400,71.5900,71.2900,72.2300,73.2600,73.2800,73.8300,73.4800,75.8600,74.4600,71.8300,78.9300,77.0700,76.0700,69.2700,73.3600,64.4300
102,CF,CF Industries Holdings Inc,Materials,48.7800,50.6200,47.7700,46.1400,46.2700,46.6300,45.9300,44.9500,46.2100,45.3400,45.1400,48.2800,47.5500,46.0800,44.7700,46.1400,40.9300,40.2800,42.1700,38.3000,39.3500,36.8600,36.8400,27.6800
103,SCHW,Charles Schwab Corporation,Financials,35.6700,37.2800,39.9400,40.9800,41.7800,43.5400,44.3500,48.2000,49.5000,48.9500,49.9500,48.1200,48.3400,47.0100,47.8000,48.3400,47.1500,45.5500,47.3100,47.2300,46.1900,40.7500,34.1300,33.8700
104,CHTR,Charter Communications,Consumer Discretionary,427.7200,423.1600,440.0500,462.1900,476.4800,469.7500,475.6000,468.5000,470.0100,467.8500,475.2700,476.2200,483.6900,494.4700,505.0300,502.7300,504.6700,517.4600,525.2100,534.8900,535.3400,493.1700,496.7200,454.1900
105,CVX,Chevron Corp.,Energy,113.8500,116.1500,114.7400,118.6700,116.2100,120.9300,120.6400,118.6300,117.1300,118.0100,117.9600,119.6800,120.3000,121.0100,116.4400,115.5800,111.8500,107.1400,108.9400,110.0800,109.0100,93.3400,95.3200,83.4200
106,CMG,Chipotle Mexican Grill,Consumer Discretionary,823.9300,830.3500,841.4800,787.8700,768.6300,731.6200,754.6600,772.6100,813.9200,822.4800,815.3200,834.5300,836.7900,865.1300,857.7700,878.1500,869.7100,866.7600,864.2200,921.9400,920.1400,773.5800,723.0800,630.3600
107,CB,Chubb Limited,Financials,162.0600,155.1000,152.6900,149.1400,150.4400,151.5100,151.2900,151.1300,151.4800,152.2000,154.6400,155.5400,155.8200,155.7800,150.9900,153.6900,152.0100,151.9900,162.7300,164.5600,163.7500,145.0300,144.8200,121.8600
108,CHD,Church & Dwight,Consumer Staples,76.0500,74.1200,73.8900,74.8900,68.7800,67.5800,67.3600,68.8400,70.2400,70.2500,69.9900,70.2500,70.7000,70.2700,70.1000,72.0000,71.3100,74.2200,74.4900,76.4300,76.6100,69.5200,74.6800,63.2900
109,CI,CIGNA Corp.,Health Care,150.7400,152.4000,166.8800,171.4900,179.5100,188.2000,196.0100,201.8500,199.9200,198.9300,189.8700,204.5900,204.0000,203.1800,210.2800,212.5200,206.0100,192.3800,208.9200,220.3400,217.1900,182.9400,195.5200,179.8700
110,XEC,Cimarex Energy,Energy,46.6300,45.3200,41.3300,45.9900,43.9800,46.5400,46.8600,46.6900,45.9700,47.8400,48.0700,51.2000,51.9100,53.4000,54.0100,51.2800,47.1500,43.8900,43.0600,39.3500,42.4900,33.0500,24.3900,18.1000
111,CINF,Cincinnati Financial,Financials,117.4100,116.1300,115.7200,111.6500,112.1000,108.7000,107.1000,105.7500,107.0500,105.3700,105.4500,104.1300,103.9000,106.5000,104.7000,107.3100,106.0150,104.9500,112.8300,115.2100,111.3200,93.2400,98.2100,90.5800
112,CTAS,Cintas Corporation,Industrials,262.8600,267.6100,269.3100,270.3400,268.8900,260.8800,256.1200,254.0900,257.0600,256.2200,261.8100,271.5000,269.0100,269.5700,278.8400,284.2300,283.4400,278.9700,291.5800,300.8800,293.3600,266.7400,272.3200,243.5800
113,CSCO,Cisco Systems,Information Technology,47.5200,46.5600,46.7100,46.9000,47.0300,48.8300,45.0900,44.8500,45.3100,43.8400,45.3000,47.4500,47.7700,47.6300,47.1300,49.0200,48.8500,45.9700,47.9700,46.9700,46.2950,39.9300,39.6800,37.6400
114,C,Citigroup Inc.,Financials,68.1800,70.1000,69.7400,73.1700,73.8400,76.1200,74.4000,74.8700,75.1200,75.8100,76.3900,78.5100,79.6700,79.7000,79.2500,81.1200,78.4200,74.4100,78.6900,78.7900,76.4400,63.4600,61.2800,51.0400
115,CFG,Citizens Financial Group,Financials,33.7600,34.4800,35.3200,35.8500,36.0500,38.5200,38.0000,38.5900,38.4600,39.0300,40.1200,40.5400,40.4800,39.9100,39.5200,40.8700,39.1300,37.2800,38.4200,38.6700,37.6100,31.6900,27.9800,23.6600
116,CTXS,Citrix Systems,Information Technology,96.5100,98.2200,101.5200,105.6400,109.5400,110.7300,112.5900,113.7500,112.8100,110.6200,110.3500,111.0600,110.7900,111.8200,113.7400,117.2200,128.2600,121.2200,121.0800,122.0300,116.0800,103.3900,117.9100,113.6700
117,CME,CME Group Inc.,Financials,216.0200,212.8300,213.1700,200.4600,201.5100,198.1700,204.2000,206.9000,202.7300,205.9600,204.5900,202.5200,202.7800,204.5500,205.0900,206.8600,209.2400,217.1100,213.2000,213.1300,208.8300,198.8200,216.2600,182.0100
118,CMS,CMS Energy,Utilities,64.9200,63.8800,64.0100,63.6500,63.3400,59.6100,60.9000,61.7600,61.3000,61.4600,60.9900,63.1000,62.5400,62.3100,63.0600,65.6500,67.4900,68.5100,67.1400,68.5100,68.4500,60.4200,67.8900,62.3900
119,KO,Coca-Cola Company (The),Consumer Staples,54.5400,53.3000,54.7800,53.7500,53.9000,52.2100,52.6700,53.0300,53.4000,54.4200,54.4200,54.9700,55.3500,54.6900,55.5300,56.9400,57.6800,58.4000,59.1900,59.9500,60.1300,53.4900,55.2600,48.4700
120,CTSH,Cognizant Technology Solutions,Information Technology,60.5100,60.6100,60.6400,60.4600,61.2300,62.8600,63.3800,63.1900,64.1100,62.6600,61.6400,63.2200,62.1600,61.3600,60.6400,62.7700,62.4200,61.3800,69.5900,68.4200,70.0900,60.9300,58.2400,52.6200
121,CL,Colgate-Palmolive,Consumer Staples,72.0700,70.5100,68.0300,68.4100,66.8100,66.6300,66.3700,66.7100,67.8200,68.2400,68.6900,68.8500,69.1800,68.0200,70.1500,71.1800,70.3000,73.7800,76.0300,76.6900,76.2700,67.5700,72.5100,69.1000
122,CMCSA,Comcast Corp.,Consumer Discretionary,44.7100,45.5500,45.5700,45.6500,44.7500,45.1900,44.5600,44.8000,44.1500,44.2400,43.5800,44.0900,45.1000,45.0100,44.9800,47.5000,44.5900,43.1900,44.7400,46.0900,45.8200,40.4300,40.3700,39.3300
123,CMA,Comerica Inc.,Financials,63.9100,65.3600,65.4500,65.5900,67.6200,71.8300,69.9600,69.9100,70.4100,71.3700,71.9300,71.8100,71.2400,70.6600,68.4200,68.7200,64.7300,61.1600,62.0600,62.7600,62.4800,52.6400,44.8100,38.6700
124,CAG,Conagra Brands,Consumer Staples,28.8600,28.4100,27.1500,26.9200,27.4700,27.4400,28.8100,28.7300,28.8700,28.9000,28.3800,35.0700,34.1800,33.3400,31.8300,33.3300,32.2800,32.9200,31.9500,32.6900,29.5900,26.6900,28.2500,24.7900
125,CXO,Concho Resources,Energy,64.6000,65.7400,62.4500,65.8200,69.3000,72.7500,73.1600,73.3500,72.5600,76.5000,78.7500,83.5100,85.3700,90.2000,89.0800,90.1000,82.5500,75.7800,79.0900,77.9300,79.3800,68.0200,58.0000,46.8700
126,COP,ConocoPhillips,Energy,53.5000,56.4300,53.9500,56.3500,57.1500,59.1600,58.2500,59.9000,59.9400,61.9700,62.7000,63.7200,64.9800,65.7000,65.4200,65.0700,62.6200,59.4300,57.9900,58.6200,58.4400,48.4200,45.3300,31.3800
127,ED,Consolidated Edison,Utilities,94.1400,92.2200,91.4900,93.3200,91.1200,87.9200,87.7300,86.1900,86.8900,86.7900,87.8300,90.6300,89.9400,88.6300,87.4900,90.2400,93.6100,94.0000,92.7800,94.3000,90.1800,78.8200,87.9000,88.0700
128,STZ,Constellation Brands,Consumer Staples,193.7400,193.0800,197.0200,195.8400,191.0000,187.5600,179.6500,181.2200,186.0600,183.6500,182.0600,188.9000,189.2300,189.5300,188.3800,189.9500,191.5600,188.3000,200.3400,203.8300,207.4000,172.3800,179.0700,132.9800
129,GLW,Corning Inc.,Information Technology,28.0200,29.0600,29.3300,30.5100,29.5800,30.3700,29.3500,29.0200,29.0400,27.8900,28.7400,29.0100,28.7900,29.6000,30.1100,30.0600,29.3600,26.6900,27.6800,28.5900,27.9600,23.8600,24.8800,22.8000
130,COST,Costco Wholesale Corp.,Consumer Staples,291.6700,297.6000,302.8600,296.5000,296.0900,302.6200,303.6600,299.3100,299.8100,294.9450,291.8700,294.8300,294.1100,291.7300,297.2400,304.6800,310.5100,305.5200,313.6300,318.3100,321.9500,281.1400,311.3400,302.2700
131,COTY,"Coty, Inc",Consumer Staples,10.3300,10.5700,10.1200,11.7600,11.6700,12.8400,11.9100,11.5300,11.5400,11.8700,11.0800,11.4800,10.9700,11.0600,10.6000,11.0300,10.5400,10.2600,12.0300,11.4100,11.2400,9.2300,8.6000,7.7700
132,CCI,Crown Castle International Corp.,Real Estate,137.9200,136.6800,144.0600,141.0000,137.4200,130.8100,134.6800,132.3200,133.6600,135.4600,132.6800,142.0000,141.0800,142.4600,142.4000,145.2500,149.9000,149.8400,150.4900,165.9700,168.0600,143.2900,160.8200,155.0900
134,CSX,CSX Corp.,Industrials,66.7100,69.0500,68.6700,72.3200,72.2700,74.0300,71.6100,70.5100,71.5400,71.2700,72.7800,73.1800,72.8500,72.8900,73.3600,76.4000,76.7000,76.3400,77.8700,79.5900,79.5600,70.4500,68.2500,57.9400
135,CMI,Cummins Inc.,Industrials,157.8600,162.7600,170.2800,178.5200,176.5700,186.2700,184.0000,180.1500,182.8600,180.4100,182.4800,181.1100,180.7000,176.8100,171.4300,173.8000,169.1500,159.9700,160.8000,166.7800,167.4600,151.2900,148.6000,136.8400
136,CVS,CVS Health,Consumer Staples,62.2400,62.9400,66.1600,65.1000,67.2400,72.4700,74.2900,75.3100,75.2700,75.3600,73.5900,74.5800,74.4000,73.5700,72.1100,76.0200,71.4300,67.8200,71.5600,71.3700,71.5100,59.1800,64.1500,59.6400
137,DHI,D. R. Horton,Consumer Discretionary,52.5400,51.9900,53.9700,53.7100,53.3000,51.1500,53.5000,54.1100,55.3500,54.2000,54.8100,53.6900,52.9100,52.9600,53.7700,55.7100,58.5100,59.2000,60.7000,61.8100,61.8800,53.2700,54.8000,39.3000
138,DHR,Danaher Corp.,Health Care,141.6500,138.7200,138.0100,135.8700,136.5700,135.2300,142.9900,143.3200,145.9800,148.2200,148.5200,152.8500,152.8800,154.1500,158.1200,163.0600,162.2500,160.8700,161.9900,165.9500,161.8800,144.5800,148.4300,141.3900
139,DRI,Darden Restaurants,Consumer Discretionary,116.4200,113.0400,110.4500,112.3700,112.1700,114.9100,112.6000,114.6700,118.4400,119.8300,115.5800,110.2400,108.0100,112.3800,114.5500,113.5200,117.0900,116.4300,120.7100,121.7100,121.1000,97.5000,88.1500,65.3200
140,DVA,DaVita Inc.,Health Care,56.0000,56.4400,58.6900,57.8300,59.5400,69.8500,70.8300,72.4800,71.7700,72.7000,72.7100,73.7000,74.7500,75.0800,75.9500,79.4700,83.1900,79.8700,81.3400,85.9800,84.0900,77.6200,81.8400,75.9500
141,DE,Deere & Co.,Industrials,167.6900,170.9500,173.9200,173.1100,176.1100,178.3600,174.4800,175.3800,168.0500,165.2100,172.5000,174.6500,175.8100,175.5500,173.4300,176.2000,170.1200,158.5800,167.4500,168.0700,177.4300,156.4800,164.0400,138.9600
142,DAL,Delta Air Lines Inc.,Industrials,53.8100,52.9500,53.8300,54.6000,56.0200,57.5800,56.8500,56.1100,57.3100,56.1400,56.7300,58.9700,59.0800,58.0600,59.2400,62.0300,58.8100,55.7400,57.9200,58.9000,57.8700,46.1300,45.8900,38.3600
143,XRAY,Dentsply Sirona,Health Care,53.6300,54.1100,54.9000,53.0750,55.4500,57.4200,56.6300,57.2700,56.5400,58.0500,56.3800,56.8500,56.8400,56.3000,57.7900,59.9600,59.6600,56.0000,57.1000,57.8500,56.8500,49.2400,44.7300,40.4600
144,DVN,Devon Energy Corp.,Energy,22.6000,21.2600,19.8000,21.4700,21.1700,22.9100,22.5600,22.7700,21.8900,23.1400,23.4800,25.4700,25.7300,26.1000,25.1000,25.8500,23.9500,21.7200,22.9700,22.8200,20.9700,16.2400,13.3700,8.7000
145,DLR,Digital Realty Trust Inc,Real Estate,130.2700,129.3100,132.9800,132.8200,126.8000,116.5700,118.8700,119.6000,120.9500,118.3700,113.7100,118.0200,118.1800,119.9400,120.3700,124.4400,128.2600,122.9900,123.2800,131.5000,138.1300,120.1100,128.2400,143.3400
146,DFS,Discover Financial Services,Financials,77.8900,77.3600,78.9400,80.1400,81.7200,84.7100,84.5200,83.8700,84.8700,84.3100,86.6800,86.7000,84.9500,83.8800,82.6800,84.4400,76.2900,75.1300,75.2900,76.4200,75.3200,65.5800,62.5800,51.7600
147,DISCA,Discovery Inc. Class A,Consumer Discretionary,27.0100,27.9700,27.7100,27.5700,27.2600,30.9050,29.7200,32.5350,32.9400,32.0400,32.3400,32.9500,33.1300,32.0300,31.8500,32.4300,30.3200,29.2600,29.7900,30.2100,29.2050,25.7000,25.4400,22.8900
148,DISCK,Discovery Inc. Class C,Consumer Discretionary,25.1600,26.0950,25.9000,25.6000,25.4900,28.6150,27.8800,30.3100,30.5200,29.8900,30.0600,30.7800,30.7600,30.0150,29.8800,30.4800,28.6450,27.7700,28.3500,28.7300,27.9300,25.1000,24.0700,21.2850
149,DISH,Dish Network,Consumer Discretionary,33.0850,34.0600,34.7700,34.7600,34.8600,35.3200,35.9500,36.3000,34.1700,33.5900,34.1250,36.0600,35.9500,35.8800,35.3600,36.7900,36.7400,36.7600,36.7800,39.9700,40.7300,33.5200,29.2100,21.5900
150,DG,Dollar General,Consumer Discretionary,160.9700,162.2500,164.4100,162.1800,159.9000,157.8600,160.1400,159.7900,157.3600,154.7200,154.6300,156.7100,156.6500,155.3900,153.2200,157.9900,154.3400,153.4100,154.9700,158.0300,166.8800,150.3000,158.3800,145.8100
151,DLTR,Dollar Tree,Consumer Discretionary,115.7250,115.1900,116.9800,114.5500,111.7400,110.3500,108.8500,109.0400,91.4600,92.2400,93.5900,94.0600,92.8400,93.0300,91.3500,91.5500,87.7100,87.0700,87.1400,88.6800,93.8900,83.0300,80.2400,74.7000
152,D,Dominion Energy,Utilities,81.7000,81.9000,82.1600,81.8900,83.2700,80.2800,82.1100,83.2400,83.1100,81.0000,80.8800,82.3200,82.0000,81.7600,82.0700,84.0500,84.0000,85.7500,84.8100,87.4600,89.3800,78.1800,86.7000,78.2900
153,DOV,Dover Corp.,Industrials,95.0000,97.3600,102.2200,103.6500,106.6300,109.3500,109.4700,109.4800,111.4800,112.5900,113.6500,114.9900,115.4700,115.7800,115.7700,119.5300,117.1100,113.8500,117.3100,119.8600,119.4400,102.7400,101.4900,90.7500
156,DTE,DTE Energy Co.,Utilities,132.2400,129.8900,127.3400,128.2100,127.0000,120.4900,123.8400,123.4400,124.9400,125.2300,124.8600,129.8600,128.8800,129.0100,128.9400,133.8300,132.7600,132.6100,133.6100,134.0200,134.9600,111.6700,116.1200,96.4400
157,DUK,Duke Energy,Utilities,97.1700,95.9700,95.3500,95.4300,94.3800,89.9500,88.5800,87.1400,88.1700,89.7600,90.1000,90.6200,90.9700,90.4000,90.4400,93.7200,96.2800,97.6300,96.2700,101.2800,102.4300,91.7000,99.0500,85.7700
158,DRE,Duke Realty Corp,Real Estate,34.2600,33.5500,33.9700,34.5600,35.3400,34.5900,35.1500,34.6300,35.1800,35.1700,34.2100,34.2400,34.3400,35.0000,34.9200,35.6700,36.1000,36.3100,36.6300,38.4800,38.8300,32.4700,33.9500,31.8800
159,DXC,DXC Technology,Information Technology,27.2700,28.0300,26.4400,28.3100,28.3700,30.0800,37.2300,35.8400,37.3300,37.3600,37.5200,37.5800,36.6500,35.2300,35.7400,35.6000,34.4800,31.8800,32.7000,30.8200,29.2500,24.1100,19.0300,15.1400
160,ETFC,E*Trade,Financials,36.4000,39.4800,40.8500,41.0500,42.5500,43.4800,44.9500,42.3800,44.3000,45.8100,45.1500,45.7000,45.5800,45.4000,46.3000,46.7400,45.6300,42.6200,43.6100,44.1900,53.3500,45.7800,42.2000,36.1100
161,EMN,Eastman Chemical,Materials,71.0700,72.6100,73.0900,76.2800,78.9700,83.9000,79.6700,77.5900,78.3700,77.5000,78.5700,78.5700,78.3400,75.9500,74.7900,77.4500,73.1700,71.2700,72.3800,74.7300,73.6000,61.5100,57.7800,46.3100
162,ETN,Eaton Corporation,Industrials,79.3200,81.3600,82.5600,85.6200,88.6100,92.2200,91.7900,90.7400,92.5000,93.0800,93.6000,94.4000,94.9900,95.1600,94.9800,95.6800,96.8400,94.4700,101.9600,103.5500,104.9300,90.7200,92.7700,85.5600
163,EBAY,eBay Inc.,Information Technology,38.3100,38.5500,38.8200,35.8400,35.2500,35.1400,35.2700,35.1200,35.5200,34.8600,35.4800,36.1900,36.0700,35.9600,34.8900,35.8200,35.3600,33.5600,36.2000,38.1400,38.2000,34.6400,36.3900,33.9900
164,ECL,Ecolab Inc.,Materials,194.6200,194.7400,193.8200,191.9400,190.9800,190.3900,191.7400,182.5100,186.6700,186.4100,185.5000,191.2200,191.6800,189.3200,188.9300,195.5800,198.0100,196.1100,205.6400,207.3100,207.5000,180.4500,194.4100,180.0700
165,EIX,Edison Int'l,Utilities,75.5900,71.3300,70.5200,66.0500,65.5800,66.3000,70.1000,71.2500,69.1000,71.3700,72.6900,75.1900,75.2200,74.7800,75.5000,76.9600,76.9200,76.5500,77.0000,77.1400,77.5700,67.1900,67.5900,53.2500
166,EW,Edwards Lifesciences,Health Care,229.4000,227.1100,227.4600,228.2100,236.7400,234.1600,245.6400,240.8000,244.9400,238.9800,232.6400,236.3900,234.6100,231.6300,232.8400,238.6400,230.4500,219.8600,232.4100,230.5500,231.2500,204.8400,205.8500,185.5000
167,EA,Electronic Arts,Information Technology,95.6100,94.1900,95.1300,96.3100,95.3000,98.2700,97.5400,99.1900,101.0100,103.2300,104.5500,107.9500,108.4300,107.2000,108.5900,112.9300,112.3300,107.9200,109.0900,109.6900,108.0100,101.3700,107.6700,97.0600
168,EMR,Emerson Electric Company,Industrials,65.1900,67.0400,68.6500,70.8200,71.7900,73.8800,73.5300,73.6600,73.8600,75.0900,75.9800,76.2700,76.5100,76.4200,76.9400,77.7800,76.7000,71.6300,73.7700,73.5100,72.0900,64.1100,62.1400,50.3300
169,ETR,Entergy Corp.,Utilities,118.7700,117.2300,118.1500,120.2700,119.6600,114.9000,116.7100,115.7200,116.3900,118.0900,118.3000,120.1700,119.8600,118.7300,120.6100,126.3100,130.7300,131.5200,131.9400,134.1300,129.9600,116.9100,124.2800,102.9300
171,EOG,EOG Resources,Energy,70.9200,69.2500,64.4400,72.4800,71.1500,74.7000,73.4800,72.9900,70.9000,73.9600,75.4900,82.6600,83.1400,84.9900,86.2700,85.3100,79.8500,72.9100,74.3500,74.9200,74.2100,63.2600,55.3000,34.8000
172,EQT,EQT Corporation,Energy,9.9000,9.6600,9.7100,9.4900,10.5600,11.5900,10.3500,9.0600,8.7300,8.7800,9.3000,10.5400,10.4500,10.3400,8.8400,8.2400,6.6500,6.0500,5.3000,5.2900,5.8100,5.8700,6.3900,9.5300
173,EFX,Equifax Inc.,Industrials,138.0400,143.9300,144.6800,137.9000,138.7000,133.9600,138.4000,138.1200,139.6400,138.5000,138.7000,138.6100,140.2100,142.8700,146.7200,153.0300,154.0100,149.9000,155.6100,162.9600,159.5300,142.0400,154.1800,140.7100
174,EQIX,Equinix,Real Estate,581.6500,566.6100,576.4100,565.7400,562.2400,530.3100,550.4100,557.5800,566.8500,559.1900,551.8400,577.7100,582.5000,585.1200,594.0000,588.0000,591.9600,589.7300,606.0000,648.6500,655.9900,572.8000,608.6700,621.0900
175,EQR,Equity Residential,Real Estate,87.4700,87.6300,88.3700,87.6800,88.1400,83.9800,86.4600,84.7900,85.1000,84.4400,81.0100,80.3000,80.9500,80.8000,81.2600,82.5000,82.7600,83.0800,84.2000,86.4600,87.0100,75.1000,77.6400,73.6100
176,ESS,"Essex Property Trust, Inc.",Real Estate,330.4000,326.9600,331.3000,325.0900,324.7100,314.9200,319.0000,310.7600,312.1800,311.9300,300.5100,297.3500,299.7300,301.2000,302.4000,308.8700,309.4700,309.7600,314.7900,324.1700,329.0300,283.3600,294.6600,275.7300
177,EL,Estee Lauder Cos.,Consumer Staples,198.1400,193.8500,185.5300,188.6300,186.5800,187.2700,190.9900,193.1800,195.4700,197.9200,203.2100,206.8600,207.9500,204.7000,211.6200,219.8800,205.3400,195.1600,208.9600,215.0100,209.2700,183.6000,191.9500,172.2200
178,RE,Everest Re Group Ltd.,Financials,259.7000,250.5000,251.0800,248.5900,259.3500,265.3500,267.1700,267.2300,271.2600,268.9500,274.6700,277.2800,276.0100,277.2400,274.8300,279.9700,277.3500,276.5700,282.5800,291.3700,289.8500,247.8800,253.5100,213.0900
179,ES,Eversource Energy,Utilities,85.6100,85.5700,85.6000,85.3100,82.7900,79.4100,81.2700,82.2300,82.6400,81.2000,81.3400,84.5900,84.3200,82.8600,84.4100,88.7300,91.8100,92.4400,90.5800,93.6600,95.9600,86.4600,96.3600,88.5300
180,EXC,Exelon Corp.,Utilities,48.4500,47.5100,44.6650,45.8900,45.3400,44.7100,45.0200,44.4300,44.4000,44.8600,43.8200,45.4500,45.4100,45.5700,46.2600,47.3900,47.7300,47.5900,48.1900,49.7600,49.7200,43.1100,45.1700,36.3600
181,EXPE,Expedia Inc.,Consumer Discretionary,133.2200,138.2700,136.0300,137.0600,137.8000,101.3200,95.6700,96.6300,101.6600,107.5800,112.7600,110.0800,108.3200,109.1300,110.6900,111.8200,112.1400,108.4500,110.0900,122.8000,120.1200,98.6200,91.8500,69.6300
182,EXPD,Expeditors International,Industrials,71.4700,74.3700,73.9400,75.2500,73.6100,77.2700,76.3900,75.5100,74.7600,73.5500,76.1500,76.4500,77.5200,77.8700,77.2100,76.8200,74.3400,73.0400,73.3400,73.3900,75.4100,70.4200,70.4800,65.1500
184,EXR,Extra Space Storage,Real Estate,117.4500,115.6700,114.2400,112.2300,111.2200,106.2900,107.2000,105.6000,106.0500,107.5000,102.2900,104.4700,104.5100,106.5200,107.7700,111.5600,110.9300,110.6800,110.2100,115.4300,109.2000,100.3600,110.0200,96.5800
185,XOM,Exxon Mobil Corp.,Energy,68.9700,68.9800,67.6100,69.2500,69.6000,70.7700,69.1900,69.3700,68.1300,69.5100,69.2300,69.9400,69.8900,70.3300,69.1400,68.5600,66.3200,62.1200,61.4700,60.6500,59.1300,51.4400,47.6900,38.1200
186,FFIV,F5 Networks,Information Technology,132.9600,135.6700,137.6900,143.5500,146.1000,148.4100,145.4600,142.8400,145.7100,138.0000,139.2500,138.3200,139.1700,140.0000,135.1500,137.0000,135.8200,122.1200,123.5800,127.5100,133.3600,119.9500,119.6400,105.7000
187,FB,"Facebook, Inc.",Information Technology,180.4500,184.1900,185.8500,187.8900,193.6200,190.8400,195.1000,198.8200,201.6400,201.0500,194.1100,206.3000,208.1000,208.6700,218.0600,222.1400,217.9400,201.9100,212.3300,214.1800,210.1800,192.4700,181.0900,170.2800
188,FAST,Fastenal Co,Industrials,31.7800,36.3400,35.8300,37.1800,37.1500,37.0700,36.3300,35.7100,35.5200,35.9400,37.0300,37.1200,36.9800,36.5700,36.3300,36.8000,35.5200,34.8800,37.3500,38.3200,38.8600,34.2200,34.1600,34.0900
189,FRT,Federal Realty Investment Trust,Real Estate,135.9300,136.2000,138.0400,139.0400,135.6400,131.4800,131.8600,130.3400,132.0700,131.7700,127.7700,127.2200,128.1500,126.1400,125.9200,129.5300,129.8100,125.0200,128.0200,127.2300,129.0000,116.3400,121.3700,105.7000
190,FDX,FedEx Corporation,Industrials,143.0000,145.5400,149.9100,158.0900,156.5200,163.2200,158.3300,156.5500,160.0500,156.6100,165.6700,148.1200,152.5300,153.1800,156.6300,159.9800,154.0700,144.6400,155.6600,158.6200,163.2500,141.1700,127.6800,106.6300
191,FIS,Fidelity National Information Services,Information Technology,131.4100,132.0300,128.3300,129.3200,134.1500,130.6900,135.8200,135.4600,138.1500,138.5800,138.1900,138.8000,139.7500,139.0200,141.9400,147.0900,147.9200,143.6600,146.4600,157.4400,154.9300,139.7200,139.9100,129.9000
192,FITB,Fifth Third Bancorp,Financials,26.5000,26.8500,27.3300,29.0500,29.5600,30.5600,30.0700,30.1000,30.1900,30.2500,30.9700,31.1500,30.9000,30.4400,29.7600,29.4500,28.8400,28.4500,29.4900,29.6000,29.4000,24.4000,22.2000,17.6300
193,FE,FirstEnergy Corp,Utilities,48.2300,47.8900,48.3800,48.0100,48.3600,46.5900,47.0400,47.3400,47.6900,48.3800,47.9500,48.8200,48.3900,47.4600,47.6400,49.0600,50.4700,50.7900,51.2300,52.2300,51.5700,44.5300,46.4800,41.2400
194,FISV,Fiserv Inc,Information Technology,105.7000,105.6800,105.6700,102.5100,106.8500,110.6100,113.9100,113.9200,116.2400,114.4900,116.7500,116.6700,117.0800,116.3700,117.1300,120.6800,120.8400,118.6100,121.8600,122.3200,119.4900,109.3600,106.8100,103.4200
195,FLIR,FLIR Systems,Information Technology,52.1800,52.9800,52.8900,54.1700,53.3000,53.2400,53.8400,53.2200,53.5600,53.5100,53.1700,52.4300,52.1500,52.7000,53.9600,54.6600,54.2900,51.5400,53.0500,57.5100,58.3500,42.4700,39.4900,32.0800
196,FLS,Flowserve Corporation,Industrials,44.5100,45.4700,46.5600,48.6900,49.1300,49.1300,48.8500,48.7200,48.7000,48.1600,48.4100,49.8900,49.7100,49.8800,49.8100,50.4900,48.2600,46.6800,47.0600,46.4100,45.9900,40.1900,36.7400,25.7200
197,FLR,Fluor Corp.,Industrials,18.3200,18.8600,19.0600,19.8400,18.5900,18.8000,18.2900,17.8300,17.4400,16.5100,17.2400,18.3600,18.1300,19.1200,18.7200,20.4700,19.4900,17.8900,18.0500,19.5400,14.7400,9.3200,8.8500,6.9800
198,FMC,FMC Corporation,Materials,82.1900,83.7500,83.0100,83.9800,95.0100,97.7000,97.0000,97.2300,97.9600,98.4200,99.1800,99.0400,101.1300,99.2300,98.0000,100.0000,95.6800,95.5900,105.1400,105.4700,106.5800,93.1000,90.5300,88.0500
199,FL,Foot Locker Inc,Consumer Discretionary,41.6200,42.9600,44.4000,44.3400,44.2800,46.6300,45.7000,40.2500,40.0500,39.8500,37.1300,39.9300,39.4900,38.1000,39.1000,39.6000,38.6000,37.9700,40.4800,40.3800,38.8400,36.2500,30.3300,23.1300
200,F,Ford Motor,Consumer Discretionary,8.7400,8.7800,9.2900,8.7200,8.8900,9.0400,8.9500,8.8900,9.0600,9.0200,9.2300,9.4800,9.3600,9.2100,9.2500,9.1600,9.0000,8.8200,8.1100,8.1000,7.8900,6.9600,6.4900,5.6300
201,FTV,Fortive Corp,Industrials,66.5000,67.9500,70.9400,68.3600,71.8000,72.8800,71.6300,70.7000,72.1700,72.8700,75.1900,75.7400,76.5800,77.2300,78.0000,78.7800,76.9100,74.9300,79.0200,77.8100,75.8100,69.1600,66.8100,59.7300
202,FBHS,Fortune Brands Home & Security,Industrials,56.1200,56.6200,58.9200,60.3600,61.4000,62.0600,63.0600,62.9500,63.2600,64.6000,65.0900,65.3000,65.5900,65.3900,66.9600,69.4100,69.5100,68.7100,70.7500,72.9900,71.0300,61.7500,60.4200,48.6000
203,BEN,Franklin Resources,Financials,27.3800,27.3200,27.2200,27.8300,28.0500,28.2800,27.7300,27.3200,27.4900,27.0000,25.9900,25.8000,26.2500,25.0900,25.0200,25.7400,25.2600,25.3000,25.6000,24.3600,25.2000,21.7600,21.6500,18.1100
204,FCX,Freeport-McMoRan Inc.,Materials,8.8300,9.5500,9.5800,10.1400,10.5200,11.5200,11.1600,11.3500,11.3800,11.6400,12.8700,12.7100,13.0300,12.8000,12.9000,12.8700,11.8400,11.1000,11.8000,12.2400,11.9400,9.9600,9.4300,7.5300
205,GPS,Gap Inc.,Consumer Discretionary,16.2300,17.1500,16.8800,17.3300,16.9400,16.6800,17.7400,16.9400,16.6100,16.2700,16.6900,17.5900,17.8300,17.4400,17.8000,18.5300,17.6600,17.4100,17.8500,18.1400,17.0600,14.3300,13.1900,10.8100
206,GRMN,Garmin Ltd.,Consumer Discretionary,84.9700,87.0800,87.4600,87.2300,94.4600,95.8900,95.6500,97.2000,97.6900,96.5200,97.4300,98.6800,98.5200,97.7100,96.5000,99.0400,99.5900,96.9500,96.2000,98.1800,96.5800,88.3900,87.5200,77.3400
207,IT,Gartner Inc,Information Technology,143.2500,145.1500,144.5100,146.0400,156.0900,160.3600,159.9400,157.0000,160.4600,159.6800,157.6700,153.0500,153.8200,155.9800,159.3900,161.1700,160.5700,160.7800,152.5800,152.4100,155.4600,129.3900,120.1600,106.3100
208,GD,General Dynamics,Industrials,176.6400,179.6300,174.4300,173.5400,179.7300,185.0800,187.0800,182.8800,181.7400,183.5500,179.0300,178.3300,177.4900,180.1800,179.5100,181.8900,185.0700,175.4400,186.7400,188.0600,187.6000,159.6900,163.0300,139.6400
209,GE,General Electric,Industrials,8.5700,8.8000,8.9600,9.0000,10.3800,11.5200,11.5200,11.5500,11.2700,11.1000,11.3400,11.0300,11.1800,11.9700,11.6700,11.8100,11.7100,12.4500,12.8300,12.8300,12.2500,10.8800,9.4000,7.8500
211,GIS,General Mills,Consumer Staples,54.3000,54.3500,52.5500,50.5100,51.1800,52.5000,52.5600,52.6900,53.3200,53.3100,51.6000,53.2800,53.1900,51.9400,52.2500,53.8500,53.7100,52.2200,51.9000,53.3100,53.9200,49.0000,54.7700,53.4800
212,GM,General Motors,Consumer Discretionary,34.9100,35.5700,36.1700,36.7400,37.9700,38.6700,36.8900,35.3300,36.0000,35.5400,35.6500,37.2500,36.5600,36.3200,34.6500,35.6000,34.3100,33.3900,33.6300,34.7600,34.6500,30.5000,28.6900,24.7100
213,GPC,Genuine Parts,Consumer Discretionary,95.9400,96.8800,101.3500,102.5100,104.7100,106.1500,104.8300,103.7100,104.3700,103.7000,105.1600,105.9900,106.2400,104.3100,98.9000,102.8000,98.0700,93.5700,95.3800,96.4700,96.2100,87.2400,82.8500,79.2700
214,GILD,Gilead Sciences,Health Care,62.5600,63.9900,64.9100,63.3200,64.6600,65.3800,65.0700,65.2600,67.2400,67.0800,65.7700,66.8500,65.9500,65.0700,65.0300,62.9800,63.1500,63.2000,68.8700,67.5600,69.7000,69.3600,80.2200,70.7500
215,GPN,Global Payments Inc.,Information Technology,160.8400,162.9200,160.1300,161.3400,172.3500,170.2600,179.2300,178.6500,181.1000,176.6600,178.9300,183.4500,182.8900,184.4000,190.4400,198.6200,198.7700,195.4500,200.7900,206.3700,204.3900,183.9700,179.5600,172.9900
216,GS,Goldman Sachs Group,Financials,200.8000,204.6800,206.5200,214.2300,217.3900,222.9100,220.2500,220.2800,221.3500,224.6100,225.0000,228.9300,230.6600,231.5800,242.1100,249.4600,241.9200,237.7500,238.0000,237.0800,230.6200,200.7700,192.8500,177.1700
217,GT,Goodyear Tire & Rubber,Consumer Discretionary,13.8150,14.3600,15.1500,16.5600,15.9900,17.0850,16.0500,15.9500,15.9900,16.1100,16.0100,15.1700,15.1000,14.7400,14.4700,14.9300,14.2000,13.1300,13.4300,11.1000,10.8450,9.6850,8.7000,7.2100
218,GWW,Grainger (W.W.) Inc.,Industrials,291.2100,305.2000,310.0800,317.3400,317.6700,324.9200,323.4700,319.0000,316.9500,321.4900,332.3100,337.5900,337.4700,340.6600,341.3100,340.1500,329.0000,302.6700,299.7000,307.6500,303.3200,277.5400,284.6300,266.0200
219,HAL,Halliburton Co.,Energy,18.5500,18.9500,18.4300,20.4800,20.0900,21.2800,20.4800,20.9900,20.9900,22.3300,23.9900,24.4900,24.4000,24.7600,24.0800,23.9600,23.1000,21.8100,21.8000,22.1200,21.2600,16.9600,13.0700,7.1500
220,HBI,Hanesbrands Inc,Consumer Discretionary,14.8200,15.2600,15.2300,15.8900,15.4800,15.8600,15.5700,15.0300,15.0700,14.9700,14.4000,14.6200,14.8300,14.4100,13.8400,14.3200,14.2500,13.7600,14.2000,14.3000,14.4900,13.2400,12.0200,9.6800
221,HOG,Harley-Davidson,Consumer Discretionary,35.3700,35.1000,36.5700,39.3900,39.3300,39.3900,37.9800,36.4700,36.3800,36.9100,37.3500,37.4300,37.7600,36.2800,34.8400,35.7200,35.2300,33.4000,33.8700,34.3600,35.1900,30.4700,26.1900,23.7200
222,HRS,Harris Corporation,Information Technology,207.7700,208.9400,198.0800,200.9600,201.4100,196.0200,202.5200,198.6400,201.0900,192.4900,200.1800,199.9900,201.7100,210.4700,210.3700,219.3800,222.9800,221.3300,229.8600,228.5500,222.8000,197.7300,199.9300,177.6300
223,HIG,Hartford Financial Svc.Gp.,Financials,59.5100,58.6400,59.0000,56.8000,57.5200,61.0900,62.0000,61.5900,61.8600,60.8400,61.0700,60.9100,60.5600,60.6400,59.7600,61.2200,58.9800,59.2800,59.8100,59.1000,58.0500,49.9500,50.9600,42.5200
224,HAS,Hasbro Inc.,Consumer Discretionary,118.2400,121.2900,121.9600,96.0100,96.4400,95.5300,95.4100,96.1200,101.7000,101.0000,103.9200,103.5900,105.7600,105.0500,101.6800,105.1300,104.6800,101.8700,99.7400,97.7100,89.9700,77.2500,72.7500,55.0200
225,HCA,HCA Holdings,Health Care,117.6200,120.4300,123.6400,126.2700,133.6500,136.8400,138.0500,139.2000,138.6600,144.6100,142.8600,147.5300,149.2600,147.9400,148.1400,148.4000,143.4500,138.8000,145.9300,149.5700,148.0000,127.0100,127.2000,104.2800
226,HCP,HCP Inc.,Real Estate,36.3900,36.3500,37.3900,36.3000,36.7100,33.6900,34.4500,34.4000,34.8800,34.3400,32.2500,33.6600,33.9900,34.3300,34.9300,36.2500,37.0000,35.9900,36.3100,37.3100,37.1500,31.6400,33.7200,28.8600
227,HP,Helmerich & Payne,Energy,38.3100,38.3500,36.5600,40.2500,40.1800,40.7500,40.5600,39.0000,39.5300,40.6800,42.0900,44.2000,44.4300,45.8500,46.5200,45.1300,42.2300,40.5500,42.6500,45.3100,44.9000,36.8900,27.6000,17.5100
228,HSIC,Henry Schein,Health Care,62.9300,62.9400,62.8100,62.2500,63.3000,68.9100,68.4600,69.3000,68.9000,69.4200,68.4900,66.6600,66.5800,66.5600,66.6200,69.2900,71.2000,68.9400,69.9700,72.1300,67.5400,60.9400,57.6900,56.7100
229,HES,Hess Corporation,Energy,62.3900,66.7700,64.9500,66.7800,68.9100,71.8500,68.0200,64.3700,62.0900,62.2600,62.3200,64.8400,66.4600,69.8400,68.5100,69.9000,64.4100,56.5700,55.4500,60.3400,64.4200,56.1800,49.7200,34.9200
230,HPE,Hewlett Packard Enterprise,Information Technology,14.4000,14.3500,15.3500,16.1600,16.5000,17.4300,17.2300,17.1200,15.8300,15.9100,16.0300,15.5800,15.9000,15.7700,15.4700,15.1000,14.7600,13.9300,14.7400,14.4400,14.1800,12.7900,11.9900,9.8600
231,HLT,Hilton Worldwide Holdings Inc,Consumer Discretionary,93.3500,93.4300,91.1500,97.6900,96.3100,99.0900,99.6900,101.2200,105.0000,105.4700,107.2000,111.4200,112.3900,109.9900,108.6000,113.9200,108.4900,107.8000,110.8400,113.2300,109.5700,97.2000,90.4500,78.6300
232,HOLX,Hologic,Health Care,48.8000,48.7900,49.9250,47.4900,48.6600,46.5600,47.1400,50.0200,51.3200,52.7400,53.1500,52.0200,52.3600,51.8900,53.1700,54.3200,53.7200,53.5200,53.1700,53.0200,52.5900,47.1200,46.7500,40.5800
233,HD,Home Depot,Consumer Discretionary,227.9300,234.6600,237.9300,234.3800,237.3400,232.8400,237.2900,218.0300,220.5100,214.2800,214.0800,221.1900,219.9700,218.9300,224.2200,231.9100,232.0000,228.1000,237.3000,245.0300,245.3400,217.8400,228.5100,205.6700
234,HON,Honeywell Int'l Inc.,Industrials,163.6300,163.5300,165.5700,171.6300,176.1200,181.2100,181.7500,176.7900,178.5500,175.4600,176.9800,176.4100,176.4800,178.8600,178.6800,183.2300,177.1300,173.2200,175.2800,180.8100,179.8800,162.1700,164.0300,149.4100
235,HRL,Hormel Foods Corp.,Consumer Staples,43.7400,41.1600,40.8100,40.5700,41.2600,41.9700,42.3800,42.3100,44.5300,45.3400,44.9000,44.9600,45.2600,44.2500,44.9000,46.3000,47.2300,47.2600,47.0900,48.5800,44.7700,41.6000,43.9500,42.4000
236,HST,Host Hotels & Resorts,Real Estate,16.6200,16.6600,16.4400,16.6800,16.7600,17.1700,17.1400,16.9100,17.4900,17.8900,17.9500,18.7100,18.8600,18.0400,17.5200,17.8800,17.0800,16.3400,16.7000,16.9100,17.3800,14.4800,13.4600,11.4100
237,HPQ,HP Inc.,Information Technology,16.6400,16.2400,16.8500,17.3300,17.7800,19.5200,20.1800,19.9400,20.0800,20.5000,20.3500,20.5600,20.5300,20.5300,21.3800,21.9700,21.9800,21.3200,21.7300,22.3700,22.7000,20.7900,21.4100,17.1800
238,HUM,Humana Inc.,Health Care,256.0600,266.2600,289.2600,288.0900,296.2000,317.5800,335.5500,338.2400,341.2300,348.1400,353.1300,368.7900,371.0000,364.8600,364.1200,366.5500,356.9000,336.2400,353.2600,375.8500,369.6700,319.6800,367.0100,313.9100
239,HBAN,Huntington Bancshares,Financials,13.9200,13.9900,14.1900,14.4800,14.3400,14.9800,14.7900,14.8600,14.8900,15.2100,15.3500,15.1500,15.1200,14.8100,14.3800,14.7100,13.7200,13.5700,13.9600,14.0800,13.9100,12.2700,11.1200,9.5000
240,HII,Huntington Ingalls Industries,Industrials,204.9800,211.7400,210.1000,221.1900,230.2300,251.2100,256.8600,249.8100,251.6700,253.4100,251.2400,254.1100,251.0700,263.5000,270.9400,277.8100,276.4700,261.0000,269.1400,246.2100,236.0200,205.5300,204.2900,178.6200
241,IDXX,IDEXX Laboratories,Health Care,276.6000,276.8000,282.8300,268.2900,276.8700,254.7400,259.7800,257.0200,251.5800,251.3700,252.9000,261.5500,263.9800,264.7700,281.6400,285.8000,280.7700,271.0100,278.4000,288.7800,278.1100,254.5100,249.8900,254.1700
242,INFO,IHS Markit Ltd.,Industrials,67.3600,68.3100,69.7400,69.3500,70.7000,69.6400,71.3800,71.8500,72.6500,73.7200,74.6000,75.3600,75.6400,75.8200,78.2600,79.2700,79.8900,78.8600,80.4200,80.7600,79.0600,71.2400,69.3200,55.9700
243,ITW,Illinois Tool Works,Industrials,151.5000,154.5300,158.3100,171.8100,172.7900,176.4100,175.1600,173.5600,174.3300,174.1900,177.2700,180.3100,181.1300,179.1100,178.2400,180.4300,176.3000,174.9800,183.5400,187.8600,189.5800,167.7800,164.1100,156.4500
244,ILMN,Illumina Inc,Health Care,302.3400,302.5800,309.4400,290.6400,300.4500,293.3900,305.9850,315.6200,320.7600,326.4700,324.7200,330.1400,332.2900,322.7300,335.5300,324.7200,319.5800,290.0700,294.3000,298.9200,295.9400,265.6700,274.4200,233.3300
245,INCY,Incyte,Health Care,74.8700,76.1200,77.7600,77.5500,83.5800,85.1000,86.7000,88.7300,94.1600,94.4800,91.5100,90.1000,88.3900,77.9000,76.4700,80.5000,76.7400,73.0700,74.1400,78.4500,80.8900,75.4100,76.0400,73.8400
247,INTC,Intel Corp.,Information Technology,50.9200,52.0900,51.3600,56.4600,56.5100,58.2700,57.9600,57.6100,58.0500,56.8100,57.7900,58.9500,60.0800,60.1000,58.9400,59.6000,68.4700,63.9300,66.0200,67.2700,64.3400,55.5200,55.7700,54.4300
248,ICE,Intercontinental Exchange,Financials,94.0000,93.9400,94.4000,91.9600,92.9300,90.4700,92.9600,93.7500,94.1700,93.8000,91.9100,93.0300,93.0000,94.6700,94.2500,96.7700,97.1100,99.7400,92.6300,96.8600,94.7500,89.2200,94.0400,83.1200
249,IBM,International Business Machines,Information Technology,142.9900,142.7600,134.0900,135.4400,135.5300,137.6100,134.4000,134.3400,134.4500,133.2200,134.2100,135.5900,135.2700,134.3400,136.6900,138.3100,140.5600,143.7300,153.4100,150.7000,149.8400,130.1500,127.7300,107.9500
250,IP,International Paper,Materials,39.1800,41.5600,42.2600,43.0000,43.9600,46.2100,45.6500,45.1200,46.3400,47.2600,46.3600,46.1400,45.8900,44.7200,43.9900,45.7500,43.5300,40.7200,43.5600,43.1900,43.2700,36.9600,35.7100,33.4400
251,IPG,Interpublic Group,Consumer Discretionary,20.8500,20.0800,20.6500,21.8500,21.9500,22.9700,22.3300,22.0900,22.4000,22.4900,23.0300,23.0400,23.0600,22.7300,23.1200,24.1500,23.4100,22.7000,23.0200,24.4700,24.4100,21.3600,20.0400,17.1100
252,IFF,Intl Flavors & Fragrances,Materials,119.1500,118.1500,117.8400,119.9600,121.7400,132.8100,133.9200,140.0200,141.2300,142.0400,133.9800,122.8000,127.3400,126.3500,125.9900,134.8800,135.7900,131.1100,140.0000,135.8700,132.1800,119.7800,122.7300,109.0200
253,INTU,Intuit Inc.,Information Technology,267.0900,270.0700,262.4700,257.6700,256.4800,256.8500,266.0500,259.8100,258.8900,256.1800,259.6400,267.1000,267.0600,264.3800,275.2500,282.8500,288.0800,280.3800,294.7100,304.2900,297.5700,265.8500,276.1800,261.2500
254,ISRG,Intuitive Surgical Inc.,Health Care,529.1800,518.0300,566.2500,549.2700,559.3700,548.9500,569.5400,569.4900,592.9000,585.5700,579.6500,591.3100,597.8800,593.3400,598.7200,600.0300,589.2000,559.7800,579.4300,603.3600,613.0800,533.9600,555.1400,470.9800
255,IVZ,Invesco Ltd.,Financials,15.8900,15.8400,15.8900,17.0500,17.2100,17.8200,17.4500,17.3300,17.5600,16.7900,17.6200,17.9800,17.8300,17.6700,17.7000,18.3200,18.1700,17.3000,18.2200,17.7800,17.4800,14.4000,13.1200,10.8000
256,IPGP,IPG Photonics Corp.,Information Technology,131.8200,136.0100,134.7600,143.0700,139.6900,147.2500,140.8500,139.4200,142.0900,141.9800,144.6200,142.9700,143.9200,141.8200,135.2700,145.9500,144.3300,127.6700,133.5500,139.4900,135.0100,127.6400,121.4700,112.1500
257,IQV,IQVIA Holdings Inc.,Health Care,149.3000,145.9800,143.4900,147.5100,146.7400,137.5900,146.5000,143.7400,145.9800,148.4900,144.8500,155.9500,154.4400,154.1900,159.3000,161.5100,158.1000,155.2500,157.0000,164.3200,163.4300,139.4900,136.0500,118.7100
258,IRM,Iron Mountain Incorporated,Real Estate,32.2100,32.2400,33.5000,34.0900,33.5200,32.5400,33.5800,33.7900,32.1200,32.7500,31.5900,31.9600,31.8100,30.6400,30.6600,31.3800,31.5500,31.6100,31.8300,33.1400,34.4500,30.4100,31.7700,28.9900
259,JBHT,J. B. Hunt Transport Services,Industrials,108.5800,110.3500,115.5800,116.7500,119.9000,119.9800,115.7400,116.3150,115.6200,114.4500,113.0000,116.7200,116.6800,117.0300,119.0800,114.6800,115.7100,107.9300,112.5200,110.0700,109.7000,96.4400,93.2300,87.8900
260,JEC,Jacobs Engineering Group,Industrials,89.8200,91.8500,92.9000,93.9300,96.0700,94.6000,94.3300,93.3800,92.0900,85.0200,90.0300,90.0400,89.5400,90.8900,90.6300,94.0000,97.0000,92.5300,95.7800,100.6600,103.8600,92.3400,94.0700,86.7600
261,SJM,JM Smucker,Consumer Staples,107.6800,107.0200,107.6200,108.2800,105.5800,106.2700,105.0000,108.4000,105.0900,107.3000,101.5100,103.7100,103.1000,102.2900,104.3800,106.3900,107.6700,103.6100,108.2300,110.0000,110.8700,102.9900,109.9900,103.0500
262,JNJ,Johnson & Johnson,Health Care,133.6600,131.3300,127.7000,128.3500,131.2000,133.0000,134.9400,138.0700,137.4900,140.3800,141.3800,146.0600,145.7500,144.2800,145.0600,149.1700,148.3200,148.8700,151.8900,150.1300,149.9300,134.4800,142.0300,134.2900
263,JCI,Johnson Controls International,Industrials,42.4400,42.7200,41.8500,42.5600,43.8200,42.5200,42.3900,42.7000,42.8300,42.0900,40.4400,41.2200,41.0600,40.6600,40.9800,40.9900,41.3500,39.4500,39.8100,41.9600,42.4500,36.5700,38.1600,32.8100
264,JPM,JPMorgan Chase & Co.,Financials,114.6200,116.1400,120.5600,126.0300,127.8000,130.3800,129.5300,130.7900,131.7600,135.0400,136.8100,137.2400,139.1400,138.3400,136.0700,138.2000,133.1500,132.3600,137.1700,137.4600,135.8100,116.1100,108.0800,103.9100
265,JNPR,Juniper Networks,Information Technology,23.8300,23.6900,23.9000,25.2300,24.4900,26.1700,25.5100,25.4600,25.0600,23.9700,24.1300,24.5000,24.4100,24.3400,24.1600,24.7000,24.5800,22.9400,23.7600,24.2400,24.1400,21.2200,21.3800,20.3000
266,KSU,Kansas City Southern,Industrials,127.8000,133.5000,145.2500,144.4900,146.1900,153.3100,153.5400,151.9300,152.4200,152.6400,151.4400,155.1000,154.4800,155.2600,158.2500,166.5200,166.5800,168.6900,171.8600,173.6400,174.2300,150.6800,147.0800,127.6100
267,K,Kellogg Co.,Consumer Staples,62.8300,62.1300,61.9400,60.8900,63.6800,63.9900,64.6600,64.5100,65.1200,66.2200,66.2500,68.6400,69.1600,68.0000,69.2700,70.8800,69.3400,68.2100,64.1700,67.7100,65.5200,60.4700,63.1900,63.6600
268,KEY,KeyCorp,Financials,17.2700,17.4000,17.7700,18.2000,18.2900,19.3600,18.9700,19.2600,19.3900,19.6600,20.0600,20.4000,20.2800,19.9100,19.4500,19.5900,19.2900,18.7100,19.6000,19.7300,19.6700,16.3500,14.8700,12.7300
269,KMB,Kimberly-Clark,Consumer Staples,141.6000,137.6300,137.2200,134.2000,132.0400,131.4600,131.6300,133.5300,136.3400,136.9800,135.9400,138.0100,138.0700,135.7900,140.2300,144.5000,143.4200,143.2400,144.8200,145.5600,141.3500,131.1900,146.4600,134.1800
270,KIM,Kimco Realty,Real Estate,20.5000,20.7400,20.9200,21.1500,21.7300,20.8500,21.5300,21.3000,21.6200,21.1800,20.3100,20.5300,20.7600,19.8100,19.4000,20.2700,20.3500,19.0500,19.6200,19.2600,19.0700,17.3500,17.3300,13.2200
271,KMI,Kinder Morgan,Energy,20.5200,20.2300,20.0200,20.4200,20.5000,20.0300,20.4400,19.9600,19.6100,19.7500,20.2000,20.9700,21.0800,21.2000,21.5100,21.3600,21.5600,20.8700,21.1200,22.0000,22.1400,19.1700,19.3300,14.7800
272,KLAC,KLA-Tencor Corp.,Information Technology,161.1100,160.2200,159.6900,169.9400,172.4200,174.2100,177.8600,158.4900,163.8600,162.8900,171.2400,177.4700,178.5200,179.0800,173.0100,178.7300,179.4000,165.7400,165.1000,176.2800,161.1200,153.7100,155.6800,145.3700
273,KSS,Kohl's Corp.,Consumer Discretionary,47.1800,51.4600,50.6000,53.9600,52.0900,57.0400,59.0800,47.0000,47.0100,47.1500,48.2800,50.5700,50.9400,49.1900,46.3600,47.0000,45.4900,42.7500,43.8000,44.4700,44.5500,39.1500,34.6500,24.7900
274,KHC,Kraft Heinz Co,Consumer Staples,26.9750,27.0800,27.6100,28.3800,32.6100,32.8500,31.3000,30.5400,30.5000,31.0900,31.6000,32.2200,31.6200,31.2400,30.7000,31.0300,30.4100,29.2000,29.5400,26.8800,27.2600,24.7700,26.0300,23.9700
275,KR,Kroger Co.,Consumer Staples,24.7900,24.2500,23.9400,25.2800,24.9900,27.0200,26.7500,27.0500,27.3400,27.4900,28.0900,29.0000,28.7600,28.7000,28.3600,28.1500,28.1900,26.8600,27.9600,28.2300,30.3100,28.1300,32.0400,30.7100
276,LB,L Brands Inc.,Consumer Discretionary,18.4600,17.5000,16.3100,17.7600,17.5400,17.7500,18.0700,18.0100,19.1400,17.8200,17.7000,18.4800,18.2100,18.8600,19.4100,20.1600,20.7400,23.1600,23.5800,24.3400,24.0700,21.6600,22.2500,16.1200
278,LH,Laboratory Corp. of America Holding,Health Care,167.1500,165.7600,167.4600,165.6900,166.5300,168.4100,171.5500,169.7600,172.2900,171.6800,166.5900,167.8000,169.3400,167.2300,177.5800,177.0000,177.1800,175.4000,182.3300,195.2800,189.5600,175.6900,179.7100,151.0200
279,LRCX,Lam Research,Information Technology,233.2700,237.0900,233.7000,270.0500,278.2600,272.6800,283.6800,261.9800,266.8300,269.8600,281.9500,297.4100,293.7000,294.6900,294.3400,308.0000,306.5400,298.2100,315.4000,339.3000,316.8000,293.4300,294.4100,261.7800
280,LEG,Leggett & Platt,Consumer Discretionary,39.5000,40.8800,43.6100,45.2500,51.2800,55.1800,53.3700,52.3300,52.3200,53.0700,50.7200,51.4800,51.1700,49.7800,49.4500,51.2000,50.8800,47.5900,45.0900,45.6000,44.6500,39.6600,37.7600,32.4400
281,LEN,Lennar Corp.,Consumer Discretionary,59.4900,58.5200,61.7100,61.8100,60.8800,57.8000,59.3500,58.7800,59.6500,58.7500,58.3000,56.6400,56.0000,56.4700,59.7200,63.0900,66.6400,66.3600,68.9900,70.3500,70.6500,60.3400,62.5500,45.6800
283,LLY,Lilly (Eli) & Co.,Health Care,108.2000,108.3600,108.6400,110.2000,112.5100,113.5300,113.1900,116.2000,117.3500,119.6400,121.5300,132.4300,131.5200,131.7700,138.0000,139.5800,139.0700,139.6400,146.4100,141.1200,142.0400,126.1300,141.4600,139.3700
284,LNC,Lincoln National,Financials,56.5300,58.3800,59.5300,61.5900,58.0200,60.3800,58.7600,58.1700,59.0500,57.7700,59.7300,60.0100,58.7400,57.9700,58.9800,60.0400,56.5500,54.4800,59.4600,61.1100,59.7700,45.3900,38.1200,28.8600
285,LKQ,LKQ Corporation,Consumer Discretionary,30.5100,30.8150,31.2450,31.6300,35.1400,35.2000,35.5500,35.0000,35.2800,35.7500,36.1100,35.9300,35.8700,35.3900,34.0900,34.6100,33.6100,32.6850,32.9300,33.2000,33.0400,29.5800,27.5200,24.9000
286,LMT,Lockheed Martin Corp.,Industrials,384.9500,381.4700,372.4800,370.7300,379.1700,381.8600,393.5500,390.7400,391.0300,386.8600,386.4700,386.4700,393.6000,413.7400,413.8300,425.6600,432.5000,428.1200,439.1700,437.8500,427.8000,369.8700,382.4700,328.5900
287,L,Loews Corp.,Financials,49.9900,50.4800,50.9600,51.0000,49.7900,51.0000,50.1600,50.6500,50.9000,50.1600,50.6100,51.6600,51.8900,52.7600,52.0700,52.3900,51.3500,51.4500,53.2500,54.1900,53.6300,45.6300,44.1800,37.0100
288,LOW,Lowe's Cos.,Consumer Discretionary,107.4200,110.8100,112.8400,111.5800,112.9500,114.0000,115.5200,118.2000,117.3100,116.2800,118.5000,119.7300,120.2300,119.6000,121.0000,122.3600,120.2300,116.2400,121.4800,125.4200,125.3100,106.5700,105.3100,96.4900
289,LYB,LyondellBasell,Materials,85.1800,88.0700,86.1100,90.8300,93.6000,97.3900,96.0000,93.3400,92.5400,92.9000,92.6200,93.9400,93.8400,91.5500,89.4300,92.0000,84.9500,77.8600,82.1000,82.6000,82.9100,71.4600,71.9900,46.8400
290,MTB,M&T Bank Corp.,Financials,154.0500,156.4800,152.2300,156.5800,160.7300,167.5900,163.9700,164.9100,164.7400,166.2300,170.1000,169.5100,169.5500,169.3200,165.9900,163.0300,171.4900,168.5200,169.9500,169.7800,168.5700,140.3800,125.1300,112.7500
291,MAC,Macerich,Real Estate,29.0100,27.9800,27.4000,28.5000,28.1900,27.7400,27.8000,25.8600,26.9300,27.1700,26.0500,26.4700,26.5000,25.8500,25.0100,25.7600,25.0000,22.3100,23.3600,22.8400,23.7000,20.4200,19.4300,13.4300
292,M,Macy's Inc.,Consumer Discretionary,14.9600,15.7200,15.1200,15.5800,15.5800,15.8800,16.8500,15.4300,15.3200,15.1500,15.1800,16.2000,16.5100,16.5300,17.8100,17.5700,16.7800,15.9500,16.4000,16.6700,16.2300,13.2300,11.4900,8.0300
293,MRO,Marathon Oil Corp.,Energy,11.5600,11.7400,11.3000,11.9800,12.0500,12.5300,12.1000,12.2000,11.6500,12.4500,12.7200,13.2100,13.4800,13.7500,13.1800,13.2100,11.9300,11.3700,11.6800,10.6400,10.1100,8.2800,6.8300,4.5300
294,MPC,Marathon Petroleum,Energy,60.7400,63.4200,65.1400,68.0100,66.4700,66.2300,64.6900,62.3600,60.6400,60.2000,58.6100,61.6100,60.3800,58.2300,60.2200,56.8900,54.4900,54.5000,54.6900,58.3300,59.1300,47.4200,39.1500,24.9200
295,MAR,Marriott Int'l.,Consumer Discretionary,120.8600,121.1800,121.0500,126.1800,128.0800,133.2000,135.5200,136.2500,140.3600,142.2900,146.1600,150.8000,152.7300,149.2700,145.3900,150.2600,141.0200,140.0600,144.0700,144.9000,143.2400,124.0000,110.6600,95.6100
296,MMC,Marsh & McLennan,Financials,98.3600,97.0900,99.0500,97.5700,104.2700,103.3100,105.5000,107.9300,108.0700,108.2500,110.5400,112.3200,112.0300,111.8800,111.7000,114.1500,113.8700,111.8600,116.6800,118.7800,116.3500,104.5600,105.6700,98.6400
297,MLM,Martin Marietta Materials,Materials,261.9300,265.4300,265.7800,268.3300,263.3500,256.9000,260.4300,259.3300,268.4000,273.3200,276.3000,273.2400,278.7100,275.7900,276.8700,266.7400,263.8900,263.8000,274.1000,263.4800,251.4200,227.5300,238.7500,198.2500
298,MAS,Masco Corp.,Industrials,42.5100,42.8200,43.8500,44.6200,46.6600,46.3000,45.6300,46.0600,46.5500,46.3600,47.0100,47.8700,48.1300,47.9000,47.2800,49.0900,48.5500,47.5200,48.8100,45.6100,45.1800,41.3200,42.1000,39.7900
299,MA,Mastercard Inc.,Information Technology,274.0600,275.9100,270.6300,270.1900,279.0500,274.8900,280.7800,282.5700,292.2300,290.4000,296.0900,298.5700,300.7400,300.4300,311.1700,323.6600,323.6700,315.9400,327.0000,340.9500,339.7000,290.2500,287.0100,270.0100
300,MAT,Mattel Inc.,Consumer Discretionary,11.0250,11.6700,11.2250,10.1700,11.8900,12.1600,11.7600,11.6700,11.7000,12.0700,13.3400,13.4050,13.8000,13.4800,14.0700,14.2800,14.2800,14.6300,14.0800,13.9500,12.9400,11.7900,11.6700,8.2500
301,MKC,McCormick & Co.,Consumer Staples,168.9600,164.7600,161.5900,159.3800,160.6300,159.6900,162.3800,166.9100,169.2500,171.9900,167.5000,168.2500,171.8500,170.2000,164.2300,168.6800,172.6700,163.3700,163.1100,166.8400,162.2000,146.1900,150.6400,135.0000
302,MCD,McDonald's Corp.,Consumer Discretionary,211.6900,209.0200,208.5000,194.6100,193.9400,193.6100,193.9700,193.1400,194.4800,195.3500,197.1200,197.1400,198.1700,200.0800,207.2700,211.9800,211.2400,213.9700,211.6100,217.0900,215.8700,194.1700,198.8600,177.1300
303,MCK,McKesson Corp.,Health Care,130.6800,134.7400,152.2600,145.9600,137.1100,140.2000,148.3200,152.6100,144.6400,142.2700,140.6000,137.6400,139.4400,136.7200,143.8100,156.3300,152.6200,142.6100,156.3200,168.0300,170.9600,139.8600,141.4900,132.5700
304,MDT,Medtronic plc,Health Care,108.5600,107.5800,108.1200,105.4400,108.5700,107.0300,112.0600,110.8200,111.3900,113.0900,113.5200,113.7400,113.3500,113.8800,118.6400,119.0300,119.2600,115.4400,118.9500,117.3300,113.2800,100.6700,99.0600,88.8200
305,MRK,Merck & Co.,Health Care,85.0000,84.3400,84.6800,82.2600,84.9400,83.5900,84.9000,85.4500,87.1800,88.8500,89.1900,91.5800,91.5000,91.2500,89.5300,90.9700,85.9800,85.4400,85.0800,82.6500,82.3400,76.5600,82.2000,76.7500
306,MET,MetLife Inc.,Financials,45.4100,45.8400,46.1000,46.3200,47.2600,49.3200,49.2700,49.6000,49.9100,49.5000,50.3800,51.3600,50.8300,51.0900,52.4700,52.6100,51.2700,49.7100,51.5800,52.2800,51.2300,42.7200,39.1800,31.9300
307,MTD,Mettler Toledo,Health Care,686.2700,688.1000,680.5000,698.1900,714.1800,708.8600,724.8200,711.8500,719.4100,761.0000,769.7000,793.3100,792.8300,789.5400,817.6900,831.3100,819.9500,757.1800,787.1500,763.2000,760.2200,701.7000,715.5500,672.6400
308,MGM,MGM Resorts International,Consumer Discretionary,27.2900,28.0800,27.8700,28.1500,28.8300,31.4100,31.1800,31.9400,31.9500,32.1700,32.7500,33.3000,33.5900,33.2900,33.2100,34.5400,31.5700,31.0600,31.3600,31.5200,31.3900,24.5600,20.3900,15.4400
309,KORS,Michael Kors Holdings,Consumer Discretionary,29.3400,29.6000,31.0300,31.8700,32.3000,36.6200,36.7400,35.8800,37.1400,38.1300,38.7800,38.1500,37.5300,37.3800,35.8400,36.7900,35.3800,29.9600,30.5000,28.6200,27.6600,25.8200,22.9300,13.9300
310,MCHP,Microchip Technology,Information Technology,93.7400,95.5200,95.0050,93.9000,96.9900,96.2100,94.6000,91.6600,94.5400,98.7600,102.0900,104.6700,105.4800,105.2400,110.8300,109.4100,107.2200,97.4800,106.2100,109.3600,105.0800,90.7100,86.9600,69.9700
311,MU,Micron Technology,Information Technology,44.5500,45.1000,43.4700,48.0300,48.3800,47.1900,47.7100,45.8700,47.5100,47.9300,51.2000,55.0600,54.0300,54.5300,56.6700,57.6600,57.7600,53.0900,56.8800,58.5000,56.9900,52.5600,51.4700,42.9900
312,MSFT,Microsoft Corp.,Information Technology,138.1200,139.6800,137.4100,140.7300,143.7200,145.9600,149.9700,149.5900,151.3800,151.7500,154.5300,157.4100,158.9600,158.6200,161.3400,167.1000,165.0400,170.2300,183.8900,185.3500,178.5900,162.0100,161.5700,158.8300
313,MAA,Mid-America Apartments,Real Estate,132.4400,131.7900,135.1500,135.4800,139.1500,133.9900,138.3300,134.4000,136.1100,134.7900,130.5000,130.0600,130.0000,131.0700,132.3500,133.9900,136.9600,137.2100,141.1900,145.5100,147.7700,129.2600,143.3000,126.0000
314,MHK,Mohawk Industries,Consumer Discretionary,124.0600,124.4200,125.1700,144.1300,143.0300,152.0300,140.3100,140.2700,139.3700,138.7200,137.9400,136.6900,134.4200,130.9500,127.0000,139.7000,141.8600,131.6800,127.0100,137.9800,135.0000,121.1500,118.5700,96.4800
315,TAP,Molson Coors Brewing Company,Consumer Staples,56.6300,56.0600,56.9800,56.8400,52.7000,53.7900,52.5200,52.2800,50.4800,51.0600,50.8100,53.8600,53.8300,53.3800,55.0700,56.5700,56.1200,55.5800,57.7800,55.2500,55.2900,49.6100,48.0400,42.5600
318,MNST,Monster Beverage,Consumer Staples,56.5800,56.3000,56.0550,56.3500,56.2500,58.1600,58.6400,58.6300,59.8200,60.0400,62.2100,63.9200,63.5700,63.2800,65.3400,67.3100,67.1000,66.6000,68.9050,69.8600,69.7400,62.4100,66.1900,62.3900
320,MS,Morgan Stanley,Financials,40.7800,41.9300,43.6600,46.3700,47.3300,49.1500,48.9900,49.2500,49.4800,49.8000,50.2400,50.6900,51.0900,51.2000,52.2100,57.5100,54.5500,52.2600,55.0300,55.8400,52.4200,45.0300,41.8400,37.5000
325,NAVI,Navient,Financials,11.6400,11.8750,11.7750,13.6700,13.8800,14.3000,14.2600,14.4100,14.3500,14.0000,14.1300,13.7700,13.7200,13.5700,13.4200,13.8600,15.1050,14.3800,14.0100,14.5700,14.1700,11.2300,10.4900,8.6700
326,NKTR,Nektar Therapeutics,Health Care,18.9650,17.0900,17.2700,16.6800,18.3100,20.0400,19.6500,21.0700,20.2900,20.4500,21.2700,21.3200,21.5700,20.5300,26.9200,22.4800,21.1300,19.8900,22.6100,23.1300,23.5300,20.8100,19.7100,16.6000
327,NTAP,NetApp,Information Technology,52.0600,51.4900,53.4900,56.0100,57.0900,59.4100,62.8700,61.2300,60.5900,61.0300,63.2400,62.0700,61.4300,61.7000,63.1300,62.4200,59.8100,53.4000,57.3400,54.2400,52.0000,46.7200,44.0000,40.8000
328,NFLX,Netflix Inc.,Information Technology,272.7900,282.9300,275.3000,276.8200,286.8100,291.5700,295.0300,310.4800,314.6600,307.3500,298.5000,336.9000,329.0900,325.9000,329.0500,339.6700,353.1600,345.0900,366.7700,380.4000,380.0700,369.0300,368.9700,336.2950
329,NWL,Newell Brands,Consumer Discretionary,18.5400,18.9500,19.3950,19.6500,20.6000,20.3700,19.7400,19.0000,19.2200,19.0500,19.2100,19.8600,19.2250,18.6600,19.2400,20.2600,19.8900,19.5300,20.0600,20.1000,19.2300,15.4300,13.9800,12.9600
331,NEM,Newmont Mining Corporation,Materials,38.3100,37.6200,38.4400,39.1800,39.6100,36.6100,37.6100,38.0900,38.4000,39.8000,41.2900,40.9300,42.7100,42.8300,42.2700,43.4800,44.2900,45.0600,44.0200,44.0700,49.4400,44.6300,52.3500,39.5000
332,NWSA,News Corp. Class A,Consumer Discretionary,13.8600,13.5000,13.4700,13.8000,13.7600,12.9000,12.9900,12.7100,12.8800,13.2100,13.5900,13.9500,14.1500,14.4000,14.3500,14.9100,13.9400,13.6200,14.1900,14.6000,14.3400,12.0750,11.0200,10.4700
333,NWS,News Corp. Class B,Consumer Discretionary,14.1150,13.7600,13.7900,14.2100,14.1800,13.2300,13.3200,12.9800,13.1700,13.4800,13.9100,14.3100,14.4700,14.8200,14.7200,15.2300,14.3450,13.9700,14.4400,14.9800,14.7900,12.4400,11.2600,10.6100
334,NEE,NextEra Energy,Utilities,233.5900,229.5400,232.4800,236.8800,235.7100,222.0800,231.4200,233.3800,233.8200,234.3900,236.9500,242.7100,242.5100,240.3200,243.5500,253.4000,263.7200,268.2000,269.5400,278.5200,277.5900,252.7600,271.8200,221.5600
335,NLSN,Nielsen Holdings,Industrials,21.3500,20.6900,20.8800,20.6000,20.4400,20.3500,20.7000,19.7000,19.5500,20.1600,19.9500,20.7900,20.1900,20.0800,19.9800,21.5100,21.1600,20.4000,21.2900,21.3900,21.8500,18.2100,16.3600,15.0500
336,NKE,Nike,Consumer Discretionary,93.0700,93.8800,96.1000,90.9200,89.1800,89.8100,93.0400,93.3400,93.4900,97.0000,97.7700,99.9600,101.5700,101.9200,100.9000,104.5300,102.0300,96.3000,99.4400,103.5400,100.2500,89.3800,88.3600,75.5800
337,NI,NiSource Inc.,Utilities,29.6300,29.1400,27.9800,28.0400,27.6500,26.4100,26.5000,26.3600,26.4500,26.8000,26.8800,27.7600,27.2900,27.4000,27.6400,29.0400,29.0800,29.3100,29.8000,30.2100,29.8800,27.0200,29.4600,25.1800
338,NBL,Noble Energy Inc,Energy,20.5900,20.5800,19.0600,20.6200,20.0200,21.4300,20.8800,21.1400,20.7600,21.8600,22.3800,23.6500,24.6200,23.7100,22.2600,23.4300,21.6700,19.7700,20.0500,19.1600,17.9500,15.8300,13.3200,7.1900
339,JWN,Nordstrom,Consumer Discretionary,32.4900,34.9800,34.5800,37.2300,36.6900,36.6500,38.0400,37.9500,38.1700,37.5600,38.3800,40.6600,40.9000,39.8800,41.7500,40.3400,38.6700,36.8600,38.1200,40.2800,40.5400,34.7000,29.0400,21.5900
340,NSC,Norfolk Southern Corp.,Industrials,172.8200,178.5000,181.9100,188.2500,189.9200,195.4400,191.0700,193.1800,193.5000,190.9300,190.0700,194.5900,195.2000,196.4400,197.5500,209.3200,207.8600,208.2100,210.1800,209.3500,208.0500,182.3500,174.6000,146.8600
